Date,Année,Trimestre,Mois Numéro,Mois,Année-Mois,Début Mois,Fin Mois,Nom Jour,Numéro Semaine
2023-01-01,2023,T1,1,Janvier,2023-01,2023-01-01,2023-01-31,Dimanche,52
2023-01-02,2023,T1,1,Janvier,2023-01,2023-01-01,2023-01-31,Lundi,1
2023-01-03,2023,T1,1,Janvier,2023-01,2023-01-01,2023-01-31,Mardi,1
2023-01-04,2023,T1,1,Janvier,2023-01,2023-01-01,2023-01-31,Mercredi,1
2023-01-05,2023,T1,1,Janvier,2023-01,2023-01-01,2023-01-31,Jeudi,1
2023-01-06,2023,T1,1,Janvier,2023-01,2023-01-01,2023-01-31,Vendredi,1
2023-01-07,2023,T1,1,Janvier,2023-01,2023-01-01,2023-01-31,Samedi,1
2023-01-08,2023,T1,1,Janvier,2023-01,2023-01-01,2023-01-31,Dimanche,1
2023-01-09,2023,T1,1,Janvier,2023-01,2023-01-01,2023-01-31,Lundi,2
2023-01-10,2023,T1,1,Janvier,2023-01,2023-01-01,2023-01-31,Mardi,2
2023-01-11,2023,T1,1,Janvier,2023-01,2023-01-01,2023-01-31,Mercredi,2
2023-01-12,2023,T1,1,Janvier,2023-01,2023-01-01,2023-01-31,Jeudi,2
2023-01-13,2023,T1,1,Janvier,2023-01,2023-01-01,2023-01-31,Vendredi,2
2023-01-14,2023,T1,1,Janvier,2023-01,2023-01-01,2023-01-31,Samedi,2
2023-01-15,2023,T1,1,Janvier,2023-01,2023-01-01,2023-01-31,Dimanche,2
2023-01-16,2023,T1,1,Janvier,2023-01,2023-01-01,2023-01-31,Lundi,3
2023-01-17,2023,T1,1,Janvier,2023-01,2023-01-01,2023-01-31,Mardi,3
2023-01-18,2023,T1,1,Janvier,2023-01,2023-01-01,2023-01-31,Mercredi,3
2023-01-19,2023,T1,1,Janvier,2023-01,2023-01-01,2023-01-31,Jeudi,3
2023-01-20,2023,T1,1,Janvier,2023-01,2023-01-01,2023-01-31,Vendredi,3
2023-01-21,2023,T1,1,Janvier,2023-01,2023-01-01,2023-01-31,Samedi,3
2023-01-22,2023,T1,1,Janvier,2023-01,2023-01-01,2023-01-31,Dimanche,3
2023-01-23,2023,T1,1,Janvier,2023-01,2023-01-01,2023-01-31,Lundi,4
2023-01-24,2023,T1,1,Janvier,2023-01,2023-01-01,2023-01-31,Mardi,4
2023-01-25,2023,T1,1,Janvier,2023-01,2023-01-01,2023-01-31,Mercredi,4
2023-01-26,2023,T1,1,Janvier,2023-01,2023-01-01,2023-01-31,Jeudi,4
2023-01-27,2023,T1,1,Janvier,2023-01,2023-01-01,2023-01-31,Vendredi,4
2023-01-28,2023,T1,1,Janvier,2023-01,2023-01-01,2023-01-31,Samedi,4
2023-01-29,2023,T1,1,Janvier,2023-01,2023-01-01,2023-01-31,Dimanche,4
2023-01-30,2023,T1,1,Janvier,2023-01,2023-01-01,2023-01-31,Lundi,5
2023-01-31,2023,T1,1,Janvier,2023-01,2023-01-01,2023-01-31,Mardi,5
2023-02-01,2023,T1,2,Février,2023-02,2023-02-01,2023-02-28,Mercredi,5
2023-02-02,2023,T1,2,Février,2023-02,2023-02-01,2023-02-28,Jeudi,5
2023-02-03,2023,T1,2,Février,2023-02,2023-02-01,2023-02-28,Vendredi,5
2023-02-04,2023,T1,2,Février,2023-02,2023-02-01,2023-02-28,Samedi,5
2023-02-05,2023,T1,2,Février,2023-02,2023-02-01,2023-02-28,Dimanche,5
2023-02-06,2023,T1,2,Février,2023-02,2023-02-01,2023-02-28,Lundi,6
2023-02-07,2023,T1,2,Février,2023-02,2023-02-01,2023-02-28,Mardi,6
2023-02-08,2023,T1,2,Février,2023-02,2023-02-01,2023-02-28,Mercredi,6
2023-02-09,2023,T1,2,Février,2023-02,2023-02-01,2023-02-28,Jeudi,6
2023-02-10,2023,T1,2,Février,2023-02,2023-02-01,2023-02-28,Vendredi,6
2023-02-11,2023,T1,2,Février,2023-02,2023-02-01,2023-02-28,Samedi,6
2023-02-12,2023,T1,2,Février,2023-02,2023-02-01,2023-02-28,Dimanche,6
2023-02-13,2023,T1,2,Février,2023-02,2023-02-01,2023-02-28,Lundi,7
2023-02-14,2023,T1,2,Février,2023-02,2023-02-01,2023-02-28,Mardi,7
2023-02-15,2023,T1,2,Février,2023-02,2023-02-01,2023-02-28,Mercredi,7
2023-02-16,2023,T1,2,Février,2023-02,2023-02-01,2023-02-28,Jeudi,7
2023-02-17,2023,T1,2,Février,2023-02,2023-02-01,2023-02-28,Vendredi,7
2023-02-18,2023,T1,2,Février,2023-02,2023-02-01,2023-02-28,Samedi,7
2023-02-19,2023,T1,2,Février,2023-02,2023-02-01,2023-02-28,Dimanche,7
2023-02-20,2023,T1,2,Février,2023-02,2023-02-01,2023-02-28,Lundi,8
2023-02-21,2023,T1,2,Février,2023-02,2023-02-01,2023-02-28,Mardi,8
2023-02-22,2023,T1,2,Février,2023-02,2023-02-01,2023-02-28,Mercredi,8
2023-02-23,2023,T1,2,Février,2023-02,2023-02-01,2023-02-28,Jeudi,8
2023-02-24,2023,T1,2,Février,2023-02,2023-02-01,2023-02-28,Vendredi,8
2023-02-25,2023,T1,2,Février,2023-02,2023-02-01,2023-02-28,Samedi,8
2023-02-26,2023,T1,2,Février,2023-02,2023-02-01,2023-02-28,Dimanche,8
2023-02-27,2023,T1,2,Février,2023-02,2023-02-01,2023-02-28,Lundi,9
2023-02-28,2023,T1,2,Février,2023-02,2023-02-01,2023-02-28,Mardi,9
2023-03-01,2023,T1,3,Mars,2023-03,2023-03-01,2023-03-31,Mercredi,9
2023-03-02,2023,T1,3,Mars,2023-03,2023-03-01,2023-03-31,Jeudi,9
2023-03-03,2023,T1,3,Mars,2023-03,2023-03-01,2023-03-31,Vendredi,9
2023-03-04,2023,T1,3,Mars,2023-03,2023-03-01,2023-03-31,Samedi,9
2023-03-05,2023,T1,3,Mars,2023-03,2023-03-01,2023-03-31,Dimanche,9
2023-03-06,2023,T1,3,Mars,2023-03,2023-03-01,2023-03-31,Lundi,10
2023-03-07,2023,T1,3,Mars,2023-03,2023-03-01,2023-03-31,Mardi,10
2023-03-08,2023,T1,3,Mars,2023-03,2023-03-01,2023-03-31,Mercredi,10
2023-03-09,2023,T1,3,Mars,2023-03,2023-03-01,2023-03-31,Jeudi,10
2023-03-10,2023,T1,3,Mars,2023-03,2023-03-01,2023-03-31,Vendredi,10
2023-03-11,2023,T1,3,Mars,2023-03,2023-03-01,2023-03-31,Samedi,10
2023-03-12,2023,T1,3,Mars,2023-03,2023-03-01,2023-03-31,Dimanche,10
2023-03-13,2023,T1,3,Mars,2023-03,2023-03-01,2023-03-31,Lundi,11
2023-03-14,2023,T1,3,Mars,2023-03,2023-03-01,2023-03-31,Mardi,11
2023-03-15,2023,T1,3,Mars,2023-03,2023-03-01,2023-03-31,Mercredi,11
2023-03-16,2023,T1,3,Mars,2023-03,2023-03-01,2023-03-31,Jeudi,11
2023-03-17,2023,T1,3,Mars,2023-03,2023-03-01,2023-03-31,Vendredi,11
2023-03-18,2023,T1,3,Mars,2023-03,2023-03-01,2023-03-31,Samedi,11
2023-03-19,2023,T1,3,Mars,2023-03,2023-03-01,2023-03-31,Dimanche,11
2023-03-20,2023,T1,3,Mars,2023-03,2023-03-01,2023-03-31,Lundi,12
2023-03-21,2023,T1,3,Mars,2023-03,2023-03-01,2023-03-31,Mardi,12
2023-03-22,2023,T1,3,Mars,2023-03,2023-03-01,2023-03-31,Mercredi,12
2023-03-23,2023,T1,3,Mars,2023-03,2023-03-01,2023-03-31,Jeudi,12
2023-03-24,2023,T1,3,Mars,2023-03,2023-03-01,2023-03-31,Vendredi,12
2023-03-25,2023,T1,3,Mars,2023-03,2023-03-01,2023-03-31,Samedi,12
2023-03-26,2023,T1,3,Mars,2023-03,2023-03-01,2023-03-31,Dimanche,12
2023-03-27,2023,T1,3,Mars,2023-03,2023-03-01,2023-03-31,Lundi,13
2023-03-28,2023,T1,3,Mars,2023-03,2023-03-01,2023-03-31,Mardi,13
2023-03-29,2023,T1,3,Mars,2023-03,2023-03-01,2023-03-31,Mercredi,13
2023-03-30,2023,T1,3,Mars,2023-03,2023-03-01,2023-03-31,Jeudi,13
2023-03-31,2023,T1,3,Mars,2023-03,2023-03-01,2023-03-31,Vendredi,13
2023-04-01,2023,T2,4,Avril,2023-04,2023-04-01,2023-04-30,Samedi,13
2023-04-02,2023,T2,4,Avril,2023-04,2023-04-01,2023-04-30,Dimanche,13
2023-04-03,2023,T2,4,Avril,2023-04,2023-04-01,2023-04-30,Lundi,14
2023-04-04,2023,T2,4,Avril,2023-04,2023-04-01,2023-04-30,Mardi,14
2023-04-05,2023,T2,4,Avril,2023-04,2023-04-01,2023-04-30,Mercredi,14
2023-04-06,2023,T2,4,Avril,2023-04,2023-04-01,2023-04-30,Jeudi,14
2023-04-07,2023,T2,4,Avril,2023-04,2023-04-01,2023-04-30,Vendredi,14
2023-04-08,2023,T2,4,Avril,2023-04,2023-04-01,2023-04-30,Samedi,14
2023-04-09,2023,T2,4,Avril,2023-04,2023-04-01,2023-04-30,Dimanche,14
2023-04-10,2023,T2,4,Avril,2023-04,2023-04-01,2023-04-30,Lundi,15
2023-04-11,2023,T2,4,Avril,2023-04,2023-04-01,2023-04-30,Mardi,15
2023-04-12,2023,T2,4,Avril,2023-04,2023-04-01,2023-04-30,Mercredi,15
2023-04-13,2023,T2,4,Avril,2023-04,2023-04-01,2023-04-30,Jeudi,15
2023-04-14,2023,T2,4,Avril,2023-04,2023-04-01,2023-04-30,Vendredi,15
2023-04-15,2023,T2,4,Avril,2023-04,2023-04-01,2023-04-30,Samedi,15
2023-04-16,2023,T2,4,Avril,2023-04,2023-04-01,2023-04-30,Dimanche,15
2023-04-17,2023,T2,4,Avril,2023-04,2023-04-01,2023-04-30,Lundi,16
2023-04-18,2023,T2,4,Avril,2023-04,2023-04-01,2023-04-30,Mardi,16
2023-04-19,2023,T2,4,Avril,2023-04,2023-04-01,2023-04-30,Mercredi,16
2023-04-20,2023,T2,4,Avril,2023-04,2023-04-01,2023-04-30,Jeudi,16
2023-04-21,2023,T2,4,Avril,2023-04,2023-04-01,2023-04-30,Vendredi,16
2023-04-22,2023,T2,4,Avril,2023-04,2023-04-01,2023-04-30,Samedi,16
2023-04-23,2023,T2,4,Avril,2023-04,2023-04-01,2023-04-30,Dimanche,16
2023-04-24,2023,T2,4,Avril,2023-04,2023-04-01,2023-04-30,Lundi,17
2023-04-25,2023,T2,4,Avril,2023-04,2023-04-01,2023-04-30,Mardi,17
2023-04-26,2023,T2,4,Avril,2023-04,2023-04-01,2023-04-30,Mercredi,17
2023-04-27,2023,T2,4,Avril,2023-04,2023-04-01,2023-04-30,Jeudi,17
2023-04-28,2023,T2,4,Avril,2023-04,2023-04-01,2023-04-30,Vendredi,17
2023-04-29,2023,T2,4,Avril,2023-04,2023-04-01,2023-04-30,Samedi,17
2023-04-30,2023,T2,4,Avril,2023-04,2023-04-01,2023-04-30,Dimanche,17
2023-05-01,2023,T2,5,Mai,2023-05,2023-05-01,2023-05-31,Lundi,18
2023-05-02,2023,T2,5,Mai,2023-05,2023-05-01,2023-05-31,Mardi,18
2023-05-03,2023,T2,5,Mai,2023-05,2023-05-01,2023-05-31,Mercredi,18
2023-05-04,2023,T2,5,Mai,2023-05,2023-05-01,2023-05-31,Jeudi,18
2023-05-05,2023,T2,5,Mai,2023-05,2023-05-01,2023-05-31,Vendredi,18
2023-05-06,2023,T2,5,Mai,2023-05,2023-05-01,2023-05-31,Samedi,18
2023-05-07,2023,T2,5,Mai,2023-05,2023-05-01,2023-05-31,Dimanche,18
2023-05-08,2023,T2,5,Mai,2023-05,2023-05-01,2023-05-31,Lundi,19
2023-05-09,2023,T2,5,Mai,2023-05,2023-05-01,2023-05-31,Mardi,19
2023-05-10,2023,T2,5,Mai,2023-05,2023-05-01,2023-05-31,Mercredi,19
2023-05-11,2023,T2,5,Mai,2023-05,2023-05-01,2023-05-31,Jeudi,19
2023-05-12,2023,T2,5,Mai,2023-05,2023-05-01,2023-05-31,Vendredi,19
2023-05-13,2023,T2,5,Mai,2023-05,2023-05-01,2023-05-31,Samedi,19
2023-05-14,2023,T2,5,Mai,2023-05,2023-05-01,2023-05-31,Dimanche,19
2023-05-15,2023,T2,5,Mai,2023-05,2023-05-01,2023-05-31,Lundi,20
2023-05-16,2023,T2,5,Mai,2023-05,2023-05-01,2023-05-31,Mardi,20
2023-05-17,2023,T2,5,Mai,2023-05,2023-05-01,2023-05-31,Mercredi,20
2023-05-18,2023,T2,5,Mai,2023-05,2023-05-01,2023-05-31,Jeudi,20
2023-05-19,2023,T2,5,Mai,2023-05,2023-05-01,2023-05-31,Vendredi,20
2023-05-20,2023,T2,5,Mai,2023-05,2023-05-01,2023-05-31,Samedi,20
2023-05-21,2023,T2,5,Mai,2023-05,2023-05-01,2023-05-31,Dimanche,20
2023-05-22,2023,T2,5,Mai,2023-05,2023-05-01,2023-05-31,Lundi,21
2023-05-23,2023,T2,5,Mai,2023-05,2023-05-01,2023-05-31,Mardi,21
2023-05-24,2023,T2,5,Mai,2023-05,2023-05-01,2023-05-31,Mercredi,21
2023-05-25,2023,T2,5,Mai,2023-05,2023-05-01,2023-05-31,Jeudi,21
2023-05-26,2023,T2,5,Mai,2023-05,2023-05-01,2023-05-31,Vendredi,21
2023-05-27,2023,T2,5,Mai,2023-05,2023-05-01,2023-05-31,Samedi,21
2023-05-28,2023,T2,5,Mai,2023-05,2023-05-01,2023-05-31,Dimanche,21
2023-05-29,2023,T2,5,Mai,2023-05,2023-05-01,2023-05-31,Lundi,22
2023-05-30,2023,T2,5,Mai,2023-05,2023-05-01,2023-05-31,Mardi,22
2023-05-31,2023,T2,5,Mai,2023-05,2023-05-01,2023-05-31,Mercredi,22
2023-06-01,2023,T2,6,Juin,2023-06,2023-06-01,2023-06-30,Jeudi,22
2023-06-02,2023,T2,6,Juin,2023-06,2023-06-01,2023-06-30,Vendredi,22
2023-06-03,2023,T2,6,Juin,2023-06,2023-06-01,2023-06-30,Samedi,22
2023-06-04,2023,T2,6,Juin,2023-06,2023-06-01,2023-06-30,Dimanche,22
2023-06-05,2023,T2,6,Juin,2023-06,2023-06-01,2023-06-30,Lundi,23
2023-06-06,2023,T2,6,Juin,2023-06,2023-06-01,2023-06-30,Mardi,23
2023-06-07,2023,T2,6,Juin,2023-06,2023-06-01,2023-06-30,Mercredi,23
2023-06-08,2023,T2,6,Juin,2023-06,2023-06-01,2023-06-30,Jeudi,23
2023-06-09,2023,T2,6,Juin,2023-06,2023-06-01,2023-06-30,Vendredi,23
2023-06-10,2023,T2,6,Juin,2023-06,2023-06-01,2023-06-30,Samedi,23
2023-06-11,2023,T2,6,Juin,2023-06,2023-06-01,2023-06-30,Dimanche,23
2023-06-12,2023,T2,6,Juin,2023-06,2023-06-01,2023-06-30,Lundi,24
2023-06-13,2023,T2,6,Juin,2023-06,2023-06-01,2023-06-30,Mardi,24
2023-06-14,2023,T2,6,Juin,2023-06,2023-06-01,2023-06-30,Mercredi,24
2023-06-15,2023,T2,6,Juin,2023-06,2023-06-01,2023-06-30,Jeudi,24
2023-06-16,2023,T2,6,Juin,2023-06,2023-06-01,2023-06-30,Vendredi,24
2023-06-17,2023,T2,6,Juin,2023-06,2023-06-01,2023-06-30,Samedi,24
2023-06-18,2023,T2,6,Juin,2023-06,2023-06-01,2023-06-30,Dimanche,24
2023-06-19,2023,T2,6,Juin,2023-06,2023-06-01,2023-06-30,Lundi,25
2023-06-20,2023,T2,6,Juin,2023-06,2023-06-01,2023-06-30,Mardi,25
2023-06-21,2023,T2,6,Juin,2023-06,2023-06-01,2023-06-30,Mercredi,25
2023-06-22,2023,T2,6,Juin,2023-06,2023-06-01,2023-06-30,Jeudi,25
2023-06-23,2023,T2,6,Juin,2023-06,2023-06-01,2023-06-30,Vendredi,25
2023-06-24,2023,T2,6,Juin,2023-06,2023-06-01,2023-06-30,Samedi,25
2023-06-25,2023,T2,6,Juin,2023-06,2023-06-01,2023-06-30,Dimanche,25
2023-06-26,2023,T2,6,Juin,2023-06,2023-06-01,2023-06-30,Lundi,26
2023-06-27,2023,T2,6,Juin,2023-06,2023-06-01,2023-06-30,Mardi,26
2023-06-28,2023,T2,6,Juin,2023-06,2023-06-01,2023-06-30,Mercredi,26
2023-06-29,2023,T2,6,Juin,2023-06,2023-06-01,2023-06-30,Jeudi,26
2023-06-30,2023,T2,6,Juin,2023-06,2023-06-01,2023-06-30,Vendredi,26
2023-07-01,2023,T3,7,Juillet,2023-07,2023-07-01,2023-07-31,Samedi,26
2023-07-02,2023,T3,7,Juillet,2023-07,2023-07-01,2023-07-31,Dimanche,26
2023-07-03,2023,T3,7,Juillet,2023-07,2023-07-01,2023-07-31,Lundi,27
2023-07-04,2023,T3,7,Juillet,2023-07,2023-07-01,2023-07-31,Mardi,27
2023-07-05,2023,T3,7,Juillet,2023-07,2023-07-01,2023-07-31,Mercredi,27
2023-07-06,2023,T3,7,Juillet,2023-07,2023-07-01,2023-07-31,Jeudi,27
2023-07-07,2023,T3,7,Juillet,2023-07,2023-07-01,2023-07-31,Vendredi,27
2023-07-08,2023,T3,7,Juillet,2023-07,2023-07-01,2023-07-31,Samedi,27
2023-07-09,2023,T3,7,Juillet,2023-07,2023-07-01,2023-07-31,Dimanche,27
2023-07-10,2023,T3,7,Juillet,2023-07,2023-07-01,2023-07-31,Lundi,28
2023-07-11,2023,T3,7,Juillet,2023-07,2023-07-01,2023-07-31,Mardi,28
2023-07-12,2023,T3,7,Juillet,2023-07,2023-07-01,2023-07-31,Mercredi,28
2023-07-13,2023,T3,7,Juillet,2023-07,2023-07-01,2023-07-31,Jeudi,28
2023-07-14,2023,T3,7,Juillet,2023-07,2023-07-01,2023-07-31,Vendredi,28
2023-07-15,2023,T3,7,Juillet,2023-07,2023-07-01,2023-07-31,Samedi,28
2023-07-16,2023,T3,7,Juillet,2023-07,2023-07-01,2023-07-31,Dimanche,28
2023-07-17,2023,T3,7,Juillet,2023-07,2023-07-01,2023-07-31,Lundi,29
2023-07-18,2023,T3,7,Juillet,2023-07,2023-07-01,2023-07-31,Mardi,29
2023-07-19,2023,T3,7,Juillet,2023-07,2023-07-01,2023-07-31,Mercredi,29
2023-07-20,2023,T3,7,Juillet,2023-07,2023-07-01,2023-07-31,Jeudi,29
2023-07-21,2023,T3,7,Juillet,2023-07,2023-07-01,2023-07-31,Vendredi,29
2023-07-22,2023,T3,7,Juillet,2023-07,2023-07-01,2023-07-31,Samedi,29
2023-07-23,2023,T3,7,Juillet,2023-07,2023-07-01,2023-07-31,Dimanche,29
2023-07-24,2023,T3,7,Juillet,2023-07,2023-07-01,2023-07-31,Lundi,30
2023-07-25,2023,T3,7,Juillet,2023-07,2023-07-01,2023-07-31,Mardi,30
2023-07-26,2023,T3,7,Juillet,2023-07,2023-07-01,2023-07-31,Mercredi,30
2023-07-27,2023,T3,7,Juillet,2023-07,2023-07-01,2023-07-31,Jeudi,30
2023-07-28,2023,T3,7,Juillet,2023-07,2023-07-01,2023-07-31,Vendredi,30
2023-07-29,2023,T3,7,Juillet,2023-07,2023-07-01,2023-07-31,Samedi,30
2023-07-30,2023,T3,7,Juillet,2023-07,2023-07-01,2023-07-31,Dimanche,30
2023-07-31,2023,T3,7,Juillet,2023-07,2023-07-01,2023-07-31,Lundi,31
2023-08-01,2023,T3,8,Août,2023-08,2023-08-01,2023-08-31,Mardi,31
2023-08-02,2023,T3,8,Août,2023-08,2023-08-01,2023-08-31,Mercredi,31
2023-08-03,2023,T3,8,Août,2023-08,2023-08-01,2023-08-31,Jeudi,31
2023-08-04,2023,T3,8,Août,2023-08,2023-08-01,2023-08-31,Vendredi,31
2023-08-05,2023,T3,8,Août,2023-08,2023-08-01,2023-08-31,Samedi,31
2023-08-06,2023,T3,8,Août,2023-08,2023-08-01,2023-08-31,Dimanche,31
2023-08-07,2023,T3,8,Août,2023-08,2023-08-01,2023-08-31,Lundi,32
2023-08-08,2023,T3,8,Août,2023-08,2023-08-01,2023-08-31,Mardi,32
2023-08-09,2023,T3,8,Août,2023-08,2023-08-01,2023-08-31,Mercredi,32
2023-08-10,2023,T3,8,Août,2023-08,2023-08-01,2023-08-31,Jeudi,32
2023-08-11,2023,T3,8,Août,2023-08,2023-08-01,2023-08-31,Vendredi,32
2023-08-12,2023,T3,8,Août,2023-08,2023-08-01,2023-08-31,Samedi,32
2023-08-13,2023,T3,8,Août,2023-08,2023-08-01,2023-08-31,Dimanche,32
2023-08-14,2023,T3,8,Août,2023-08,2023-08-01,2023-08-31,Lundi,33
2023-08-15,2023,T3,8,Août,2023-08,2023-08-01,2023-08-31,Mardi,33
2023-08-16,2023,T3,8,Août,2023-08,2023-08-01,2023-08-31,Mercredi,33
2023-08-17,2023,T3,8,Août,2023-08,2023-08-01,2023-08-31,Jeudi,33
2023-08-18,2023,T3,8,Août,2023-08,2023-08-01,2023-08-31,Vendredi,33
2023-08-19,2023,T3,8,Août,2023-08,2023-08-01,2023-08-31,Samedi,33
2023-08-20,2023,T3,8,Août,2023-08,2023-08-01,2023-08-31,Dimanche,33
2023-08-21,2023,T3,8,Août,2023-08,2023-08-01,2023-08-31,Lundi,34
2023-08-22,2023,T3,8,Août,2023-08,2023-08-01,2023-08-31,Mardi,34
2023-08-23,2023,T3,8,Août,2023-08,2023-08-01,2023-08-31,Mercredi,34
2023-08-24,2023,T3,8,Août,2023-08,2023-08-01,2023-08-31,Jeudi,34
2023-08-25,2023,T3,8,Août,2023-08,2023-08-01,2023-08-31,Vendredi,34
2023-08-26,2023,T3,8,Août,2023-08,2023-08-01,2023-08-31,Samedi,34
2023-08-27,2023,T3,8,Août,2023-08,2023-08-01,2023-08-31,Dimanche,34
2023-08-28,2023,T3,8,Août,2023-08,2023-08-01,2023-08-31,Lundi,35
2023-08-29,2023,T3,8,Août,2023-08,2023-08-01,2023-08-31,Mardi,35
2023-08-30,2023,T3,8,Août,2023-08,2023-08-01,2023-08-31,Mercredi,35
2023-08-31,2023,T3,8,Août,2023-08,2023-08-01,2023-08-31,Jeudi,35
2023-09-01,2023,T3,9,Septembre,2023-09,2023-09-01,2023-09-30,Vendredi,35
2023-09-02,2023,T3,9,Septembre,2023-09,2023-09-01,2023-09-30,Samedi,35
2023-09-03,2023,T3,9,Septembre,2023-09,2023-09-01,2023-09-30,Dimanche,35
2023-09-04,2023,T3,9,Septembre,2023-09,2023-09-01,2023-09-30,Lundi,36
2023-09-05,2023,T3,9,Septembre,2023-09,2023-09-01,2023-09-30,Mardi,36
2023-09-06,2023,T3,9,Septembre,2023-09,2023-09-01,2023-09-30,Mercredi,36
2023-09-07,2023,T3,9,Septembre,2023-09,2023-09-01,2023-09-30,Jeudi,36
2023-09-08,2023,T3,9,Septembre,2023-09,2023-09-01,2023-09-30,Vendredi,36
2023-09-09,2023,T3,9,Septembre,2023-09,2023-09-01,2023-09-30,Samedi,36
2023-09-10,2023,T3,9,Septembre,2023-09,2023-09-01,2023-09-30,Dimanche,36
2023-09-11,2023,T3,9,Septembre,2023-09,2023-09-01,2023-09-30,Lundi,37
2023-09-12,2023,T3,9,Septembre,2023-09,2023-09-01,2023-09-30,Mardi,37
2023-09-13,2023,T3,9,Septembre,2023-09,2023-09-01,2023-09-30,Mercredi,37
2023-09-14,2023,T3,9,Septembre,2023-09,2023-09-01,2023-09-30,Jeudi,37
2023-09-15,2023,T3,9,Septembre,2023-09,2023-09-01,2023-09-30,Vendredi,37
2023-09-16,2023,T3,9,Septembre,2023-09,2023-09-01,2023-09-30,Samedi,37
2023-09-17,2023,T3,9,Septembre,2023-09,2023-09-01,2023-09-30,Dimanche,37
2023-09-18,2023,T3,9,Septembre,2023-09,2023-09-01,2023-09-30,Lundi,38
2023-09-19,2023,T3,9,Septembre,2023-09,2023-09-01,2023-09-30,Mardi,38
2023-09-20,2023,T3,9,Septembre,2023-09,2023-09-01,2023-09-30,Mercredi,38
2023-09-21,2023,T3,9,Septembre,2023-09,2023-09-01,2023-09-30,Jeudi,38
2023-09-22,2023,T3,9,Septembre,2023-09,2023-09-01,2023-09-30,Vendredi,38
2023-09-23,2023,T3,9,Septembre,2023-09,2023-09-01,2023-09-30,Samedi,38
2023-09-24,2023,T3,9,Septembre,2023-09,2023-09-01,2023-09-30,Dimanche,38
2023-09-25,2023,T3,9,Septembre,2023-09,2023-09-01,2023-09-30,Lundi,39
2023-09-26,2023,T3,9,Septembre,2023-09,2023-09-01,2023-09-30,Mardi,39
2023-09-27,2023,T3,9,Septembre,2023-09,2023-09-01,2023-09-30,Mercredi,39
2023-09-28,2023,T3,9,Septembre,2023-09,2023-09-01,2023-09-30,Jeudi,39
2023-09-29,2023,T3,9,Septembre,2023-09,2023-09-01,2023-09-30,Vendredi,39
2023-09-30,2023,T3,9,Septembre,2023-09,2023-09-01,2023-09-30,Samedi,39
2023-10-01,2023,T4,10,Octobre,2023-10,2023-10-01,2023-10-31,Dimanche,39
2023-10-02,2023,T4,10,Octobre,2023-10,2023-10-01,2023-10-31,Lundi,40
2023-10-03,2023,T4,10,Octobre,2023-10,2023-10-01,2023-10-31,Mardi,40
2023-10-04,2023,T4,10,Octobre,2023-10,2023-10-01,2023-10-31,Mercredi,40
2023-10-05,2023,T4,10,Octobre,2023-10,2023-10-01,2023-10-31,Jeudi,40
2023-10-06,2023,T4,10,Octobre,2023-10,2023-10-01,2023-10-31,Vendredi,40
2023-10-07,2023,T4,10,Octobre,2023-10,2023-10-01,2023-10-31,Samedi,40
2023-10-08,2023,T4,10,Octobre,2023-10,2023-10-01,2023-10-31,Dimanche,40
2023-10-09,2023,T4,10,Octobre,2023-10,2023-10-01,2023-10-31,Lundi,41
2023-10-10,2023,T4,10,Octobre,2023-10,2023-10-01,2023-10-31,Mardi,41
2023-10-11,2023,T4,10,Octobre,2023-10,2023-10-01,2023-10-31,Mercredi,41
2023-10-12,2023,T4,10,Octobre,2023-10,2023-10-01,2023-10-31,Jeudi,41
2023-10-13,2023,T4,10,Octobre,2023-10,2023-10-01,2023-10-31,Vendredi,41
2023-10-14,2023,T4,10,Octobre,2023-10,2023-10-01,2023-10-31,Samedi,41
2023-10-15,2023,T4,10,Octobre,2023-10,2023-10-01,2023-10-31,Dimanche,41
2023-10-16,2023,T4,10,Octobre,2023-10,2023-10-01,2023-10-31,Lundi,42
2023-10-17,2023,T4,10,Octobre,2023-10,2023-10-01,2023-10-31,Mardi,42
2023-10-18,2023,T4,10,Octobre,2023-10,2023-10-01,2023-10-31,Mercredi,42
2023-10-19,2023,T4,10,Octobre,2023-10,2023-10-01,2023-10-31,Jeudi,42
2023-10-20,2023,T4,10,Octobre,2023-10,2023-10-01,2023-10-31,Vendredi,42
2023-10-21,2023,T4,10,Octobre,2023-10,2023-10-01,2023-10-31,Samedi,42
2023-10-22,2023,T4,10,Octobre,2023-10,2023-10-01,2023-10-31,Dimanche,42
2023-10-23,2023,T4,10,Octobre,2023-10,2023-10-01,2023-10-31,Lundi,43
2023-10-24,2023,T4,10,Octobre,2023-10,2023-10-01,2023-10-31,Mardi,43
2023-10-25,2023,T4,10,Octobre,2023-10,2023-10-01,2023-10-31,Mercredi,43
2023-10-26,2023,T4,10,Octobre,2023-10,2023-10-01,2023-10-31,Jeudi,43
2023-10-27,2023,T4,10,Octobre,2023-10,2023-10-01,2023-10-31,Vendredi,43
2023-10-28,2023,T4,10,Octobre,2023-10,2023-10-01,2023-10-31,Samedi,43
2023-10-29,2023,T4,10,Octobre,2023-10,2023-10-01,2023-10-31,Dimanche,43
2023-10-30,2023,T4,10,Octobre,2023-10,2023-10-01,2023-10-31,Lundi,44
2023-10-31,2023,T4,10,Octobre,2023-10,2023-10-01,2023-10-31,Mardi,44
2023-11-01,2023,T4,11,Novembre,2023-11,2023-11-01,2023-11-30,Mercredi,44
2023-11-02,2023,T4,11,Novembre,2023-11,2023-11-01,2023-11-30,Jeudi,44
2023-11-03,2023,T4,11,Novembre,2023-11,2023-11-01,2023-11-30,Vendredi,44
2023-11-04,2023,T4,11,Novembre,2023-11,2023-11-01,2023-11-30,Samedi,44
2023-11-05,2023,T4,11,Novembre,2023-11,2023-11-01,2023-11-30,Dimanche,44
2023-11-06,2023,T4,11,Novembre,2023-11,2023-11-01,2023-11-30,Lundi,45
2023-11-07,2023,T4,11,Novembre,2023-11,2023-11-01,2023-11-30,Mardi,45
2023-11-08,2023,T4,11,Novembre,2023-11,2023-11-01,2023-11-30,Mercredi,45
2023-11-09,2023,T4,11,Novembre,2023-11,2023-11-01,2023-11-30,Jeudi,45
2023-11-10,2023,T4,11,Novembre,2023-11,2023-11-01,2023-11-30,Vendredi,45
2023-11-11,2023,T4,11,Novembre,2023-11,2023-11-01,2023-11-30,Samedi,45
2023-11-12,2023,T4,11,Novembre,2023-11,2023-11-01,2023-11-30,Dimanche,45
2023-11-13,2023,T4,11,Novembre,2023-11,2023-11-01,2023-11-30,Lundi,46
2023-11-14,2023,T4,11,Novembre,2023-11,2023-11-01,2023-11-30,Mardi,46
2023-11-15,2023,T4,11,Novembre,2023-11,2023-11-01,2023-11-30,Mercredi,46
2023-11-16,2023,T4,11,Novembre,2023-11,2023-11-01,2023-11-30,Jeudi,46
2023-11-17,2023,T4,11,Novembre,2023-11,2023-11-01,2023-11-30,Vendredi,46
2023-11-18,2023,T4,11,Novembre,2023-11,2023-11-01,2023-11-30,Samedi,46
2023-11-19,2023,T4,11,Novembre,2023-11,2023-11-01,2023-11-30,Dimanche,46
2023-11-20,2023,T4,11,Novembre,2023-11,2023-11-01,2023-11-30,Lundi,47
2023-11-21,2023,T4,11,Novembre,2023-11,2023-11-01,2023-11-30,Mardi,47
2023-11-22,2023,T4,11,Novembre,2023-11,2023-11-01,2023-11-30,Mercredi,47
2023-11-23,2023,T4,11,Novembre,2023-11,2023-11-01,2023-11-30,Jeudi,47
2023-11-24,2023,T4,11,Novembre,2023-11,2023-11-01,2023-11-30,Vendredi,47
2023-11-25,2023,T4,11,Novembre,2023-11,2023-11-01,2023-11-30,Samedi,47
2023-11-26,2023,T4,11,Novembre,2023-11,2023-11-01,2023-11-30,Dimanche,47
2023-11-27,2023,T4,11,Novembre,2023-11,2023-11-01,2023-11-30,Lundi,48
2023-11-28,2023,T4,11,Novembre,2023-11,2023-11-01,2023-11-30,Mardi,48
2023-11-29,2023,T4,11,Novembre,2023-11,2023-11-01,2023-11-30,Mercredi,48
2023-11-30,2023,T4,11,Novembre,2023-11,2023-11-01,2023-11-30,Jeudi,48
2023-12-01,2023,T4,12,Décembre,2023-12,2023-12-01,2023-12-31,Vendredi,48
2023-12-02,2023,T4,12,Décembre,2023-12,2023-12-01,2023-12-31,Samedi,48
2023-12-03,2023,T4,12,Décembre,2023-12,2023-12-01,2023-12-31,Dimanche,48
2023-12-04,2023,T4,12,Décembre,2023-12,2023-12-01,2023-12-31,Lundi,49
2023-12-05,2023,T4,12,Décembre,2023-12,2023-12-01,2023-12-31,Mardi,49
2023-12-06,2023,T4,12,Décembre,2023-12,2023-12-01,2023-12-31,Mercredi,49
2023-12-07,2023,T4,12,Décembre,2023-12,2023-12-01,2023-12-31,Jeudi,49
2023-12-08,2023,T4,12,Décembre,2023-12,2023-12-01,2023-12-31,Vendredi,49
2023-12-09,2023,T4,12,Décembre,2023-12,2023-12-01,2023-12-31,Samedi,49
2023-12-10,2023,T4,12,Décembre,2023-12,2023-12-01,2023-12-31,Dimanche,49
2023-12-11,2023,T4,12,Décembre,2023-12,2023-12-01,2023-12-31,Lundi,50
2023-12-12,2023,T4,12,Décembre,2023-12,2023-12-01,2023-12-31,Mardi,50
2023-12-13,2023,T4,12,Décembre,2023-12,2023-12-01,2023-12-31,Mercredi,50
2023-12-14,2023,T4,12,Décembre,2023-12,2023-12-01,2023-12-31,Jeudi,50
2023-12-15,2023,T4,12,Décembre,2023-12,2023-12-01,2023-12-31,Vendredi,50
2023-12-16,2023,T4,12,Décembre,2023-12,2023-12-01,2023-12-31,Samedi,50
2023-12-17,2023,T4,12,Décembre,2023-12,2023-12-01,2023-12-31,Dimanche,50
2023-12-18,2023,T4,12,Décembre,2023-12,2023-12-01,2023-12-31,Lundi,51
2023-12-19,2023,T4,12,Décembre,2023-12,2023-12-01,2023-12-31,Mardi,51
2023-12-20,2023,T4,12,Décembre,2023-12,2023-12-01,2023-12-31,Mercredi,51
2023-12-21,2023,T4,12,Décembre,2023-12,2023-12-01,2023-12-31,Jeudi,51
2023-12-22,2023,T4,12,Décembre,2023-12,2023-12-01,2023-12-31,Vendredi,51
2023-12-23,2023,T4,12,Décembre,2023-12,2023-12-01,2023-12-31,Samedi,51
2023-12-24,2023,T4,12,Décembre,2023-12,2023-12-01,2023-12-31,Dimanche,51
2023-12-25,2023,T4,12,Décembre,2023-12,2023-12-01,2023-12-31,Lundi,52
2023-12-26,2023,T4,12,Décembre,2023-12,2023-12-01,2023-12-31,Mardi,52
2023-12-27,2023,T4,12,Décembre,2023-12,2023-12-01,2023-12-31,Mercredi,52
2023-12-28,2023,T4,12,Décembre,2023-12,2023-12-01,2023-12-31,Jeudi,52
2023-12-29,2023,T4,12,Décembre,2023-12,2023-12-01,2023-12-31,Vendredi,52
2023-12-30,2023,T4,12,Décembre,2023-12,2023-12-01,2023-12-31,Samedi,52
2023-12-31,2023,T4,12,Décembre,2023-12,2023-12-01,2023-12-31,Dimanche,52
2024-01-01,2024,T1,1,Janvier,2024-01,2024-01-01,2024-01-31,Lundi,1
2024-01-02,2024,T1,1,Janvier,2024-01,2024-01-01,2024-01-31,Mardi,1
2024-01-03,2024,T1,1,Janvier,2024-01,2024-01-01,2024-01-31,Mercredi,1
2024-01-04,2024,T1,1,Janvier,2024-01,2024-01-01,2024-01-31,Jeudi,1
2024-01-05,2024,T1,1,Janvier,2024-01,2024-01-01,2024-01-31,Vendredi,1
2024-01-06,2024,T1,1,Janvier,2024-01,2024-01-01,2024-01-31,Samedi,1
2024-01-07,2024,T1,1,Janvier,2024-01,2024-01-01,2024-01-31,Dimanche,1
2024-01-08,2024,T1,1,Janvier,2024-01,2024-01-01,2024-01-31,Lundi,2
2024-01-09,2024,T1,1,Janvier,2024-01,2024-01-01,2024-01-31,Mardi,2
2024-01-10,2024,T1,1,Janvier,2024-01,2024-01-01,2024-01-31,Mercredi,2
2024-01-11,2024,T1,1,Janvier,2024-01,2024-01-01,2024-01-31,Jeudi,2
2024-01-12,2024,T1,1,Janvier,2024-01,2024-01-01,2024-01-31,Vendredi,2
2024-01-13,2024,T1,1,Janvier,2024-01,2024-01-01,2024-01-31,Samedi,2
2024-01-14,2024,T1,1,Janvier,2024-01,2024-01-01,2024-01-31,Dimanche,2
2024-01-15,2024,T1,1,Janvier,2024-01,2024-01-01,2024-01-31,Lundi,3
2024-01-16,2024,T1,1,Janvier,2024-01,2024-01-01,2024-01-31,Mardi,3
2024-01-17,2024,T1,1,Janvier,2024-01,2024-01-01,2024-01-31,Mercredi,3
2024-01-18,2024,T1,1,Janvier,2024-01,2024-01-01,2024-01-31,Jeudi,3
2024-01-19,2024,T1,1,Janvier,2024-01,2024-01-01,2024-01-31,Vendredi,3
2024-01-20,2024,T1,1,Janvier,2024-01,2024-01-01,2024-01-31,Samedi,3
2024-01-21,2024,T1,1,Janvier,2024-01,2024-01-01,2024-01-31,Dimanche,3
2024-01-22,2024,T1,1,Janvier,2024-01,2024-01-01,2024-01-31,Lundi,4
2024-01-23,2024,T1,1,Janvier,2024-01,2024-01-01,2024-01-31,Mardi,4
2024-01-24,2024,T1,1,Janvier,2024-01,2024-01-01,2024-01-31,Mercredi,4
2024-01-25,2024,T1,1,Janvier,2024-01,2024-01-01,2024-01-31,Jeudi,4
2024-01-26,2024,T1,1,Janvier,2024-01,2024-01-01,2024-01-31,Vendredi,4
2024-01-27,2024,T1,1,Janvier,2024-01,2024-01-01,2024-01-31,Samedi,4
2024-01-28,2024,T1,1,Janvier,2024-01,2024-01-01,2024-01-31,Dimanche,4
2024-01-29,2024,T1,1,Janvier,2024-01,2024-01-01,2024-01-31,Lundi,5
2024-01-30,2024,T1,1,Janvier,2024-01,2024-01-01,2024-01-31,Mardi,5
2024-01-31,2024,T1,1,Janvier,2024-01,2024-01-01,2024-01-31,Mercredi,5
2024-02-01,2024,T1,2,Février,2024-02,2024-02-01,2024-02-29,Jeudi,5
2024-02-02,2024,T1,2,Février,2024-02,2024-02-01,2024-02-29,Vendredi,5
2024-02-03,2024,T1,2,Février,2024-02,2024-02-01,2024-02-29,Samedi,5
2024-02-04,2024,T1,2,Février,2024-02,2024-02-01,2024-02-29,Dimanche,5
2024-02-05,2024,T1,2,Février,2024-02,2024-02-01,2024-02-29,Lundi,6
2024-02-06,2024,T1,2,Février,2024-02,2024-02-01,2024-02-29,Mardi,6
2024-02-07,2024,T1,2,Février,2024-02,2024-02-01,2024-02-29,Mercredi,6
2024-02-08,2024,T1,2,Février,2024-02,2024-02-01,2024-02-29,Jeudi,6
2024-02-09,2024,T1,2,Février,2024-02,2024-02-01,2024-02-29,Vendredi,6
2024-02-10,2024,T1,2,Février,2024-02,2024-02-01,2024-02-29,Samedi,6
2024-02-11,2024,T1,2,Février,2024-02,2024-02-01,2024-02-29,Dimanche,6
2024-02-12,2024,T1,2,Février,2024-02,2024-02-01,2024-02-29,Lundi,7
2024-02-13,2024,T1,2,Février,2024-02,2024-02-01,2024-02-29,Mardi,7
2024-02-14,2024,T1,2,Février,2024-02,2024-02-01,2024-02-29,Mercredi,7
2024-02-15,2024,T1,2,Février,2024-02,2024-02-01,2024-02-29,Jeudi,7
2024-02-16,2024,T1,2,Février,2024-02,2024-02-01,2024-02-29,Vendredi,7
2024-02-17,2024,T1,2,Février,2024-02,2024-02-01,2024-02-29,Samedi,7
2024-02-18,2024,T1,2,Février,2024-02,2024-02-01,2024-02-29,Dimanche,7
2024-02-19,2024,T1,2,Février,2024-02,2024-02-01,2024-02-29,Lundi,8
2024-02-20,2024,T1,2,Février,2024-02,2024-02-01,2024-02-29,Mardi,8
2024-02-21,2024,T1,2,Février,2024-02,2024-02-01,2024-02-29,Mercredi,8
2024-02-22,2024,T1,2,Février,2024-02,2024-02-01,2024-02-29,Jeudi,8
2024-02-23,2024,T1,2,Février,2024-02,2024-02-01,2024-02-29,Vendredi,8
2024-02-24,2024,T1,2,Février,2024-02,2024-02-01,2024-02-29,Samedi,8
2024-02-25,2024,T1,2,Février,2024-02,2024-02-01,2024-02-29,Dimanche,8
2024-02-26,2024,T1,2,Février,2024-02,2024-02-01,2024-02-29,Lundi,9
2024-02-27,2024,T1,2,Février,2024-02,2024-02-01,2024-02-29,Mardi,9
2024-02-28,2024,T1,2,Février,2024-02,2024-02-01,2024-02-29,Mercredi,9
2024-02-29,2024,T1,2,Février,2024-02,2024-02-01,2024-02-29,Jeudi,9
2024-03-01,2024,T1,3,Mars,2024-03,2024-03-01,2024-03-31,Vendredi,9
2024-03-02,2024,T1,3,Mars,2024-03,2024-03-01,2024-03-31,Samedi,9
2024-03-03,2024,T1,3,Mars,2024-03,2024-03-01,2024-03-31,Dimanche,9
2024-03-04,2024,T1,3,Mars,2024-03,2024-03-01,2024-03-31,Lundi,10
2024-03-05,2024,T1,3,Mars,2024-03,2024-03-01,2024-03-31,Mardi,10
2024-03-06,2024,T1,3,Mars,2024-03,2024-03-01,2024-03-31,Mercredi,10
2024-03-07,2024,T1,3,Mars,2024-03,2024-03-01,2024-03-31,Jeudi,10
2024-03-08,2024,T1,3,Mars,2024-03,2024-03-01,2024-03-31,Vendredi,10
2024-03-09,2024,T1,3,Mars,2024-03,2024-03-01,2024-03-31,Samedi,10
2024-03-10,2024,T1,3,Mars,2024-03,2024-03-01,2024-03-31,Dimanche,10
2024-03-11,2024,T1,3,Mars,2024-03,2024-03-01,2024-03-31,Lundi,11
2024-03-12,2024,T1,3,Mars,2024-03,2024-03-01,2024-03-31,Mardi,11
2024-03-13,2024,T1,3,Mars,2024-03,2024-03-01,2024-03-31,Mercredi,11
2024-03-14,2024,T1,3,Mars,2024-03,2024-03-01,2024-03-31,Jeudi,11
2024-03-15,2024,T1,3,Mars,2024-03,2024-03-01,2024-03-31,Vendredi,11
2024-03-16,2024,T1,3,Mars,2024-03,2024-03-01,2024-03-31,Samedi,11
2024-03-17,2024,T1,3,Mars,2024-03,2024-03-01,2024-03-31,Dimanche,11
2024-03-18,2024,T1,3,Mars,2024-03,2024-03-01,2024-03-31,Lundi,12
2024-03-19,2024,T1,3,Mars,2024-03,2024-03-01,2024-03-31,Mardi,12
2024-03-20,2024,T1,3,Mars,2024-03,2024-03-01,2024-03-31,Mercredi,12
2024-03-21,2024,T1,3,Mars,2024-03,2024-03-01,2024-03-31,Jeudi,12
2024-03-22,2024,T1,3,Mars,2024-03,2024-03-01,2024-03-31,Vendredi,12
2024-03-23,2024,T1,3,Mars,2024-03,2024-03-01,2024-03-31,Samedi,12
2024-03-24,2024,T1,3,Mars,2024-03,2024-03-01,2024-03-31,Dimanche,12
2024-03-25,2024,T1,3,Mars,2024-03,2024-03-01,2024-03-31,Lundi,13
2024-03-26,2024,T1,3,Mars,2024-03,2024-03-01,2024-03-31,Mardi,13
2024-03-27,2024,T1,3,Mars,2024-03,2024-03-01,2024-03-31,Mercredi,13
2024-03-28,2024,T1,3,Mars,2024-03,2024-03-01,2024-03-31,Jeudi,13
2024-03-29,2024,T1,3,Mars,2024-03,2024-03-01,2024-03-31,Vendredi,13
2024-03-30,2024,T1,3,Mars,2024-03,2024-03-01,2024-03-31,Samedi,13
2024-03-31,2024,T1,3,Mars,2024-03,2024-03-01,2024-03-31,Dimanche,13
2024-04-01,2024,T2,4,Avril,2024-04,2024-04-01,2024-04-30,Lundi,14
2024-04-02,2024,T2,4,Avril,2024-04,2024-04-01,2024-04-30,Mardi,14
2024-04-03,2024,T2,4,Avril,2024-04,2024-04-01,2024-04-30,Mercredi,14
2024-04-04,2024,T2,4,Avril,2024-04,2024-04-01,2024-04-30,Jeudi,14
2024-04-05,2024,T2,4,Avril,2024-04,2024-04-01,2024-04-30,Vendredi,14
2024-04-06,2024,T2,4,Avril,2024-04,2024-04-01,2024-04-30,Samedi,14
2024-04-07,2024,T2,4,Avril,2024-04,2024-04-01,2024-04-30,Dimanche,14
2024-04-08,2024,T2,4,Avril,2024-04,2024-04-01,2024-04-30,Lundi,15
2024-04-09,2024,T2,4,Avril,2024-04,2024-04-01,2024-04-30,Mardi,15
2024-04-10,2024,T2,4,Avril,2024-04,2024-04-01,2024-04-30,Mercredi,15
2024-04-11,2024,T2,4,Avril,2024-04,2024-04-01,2024-04-30,Jeudi,15
2024-04-12,2024,T2,4,Avril,2024-04,2024-04-01,2024-04-30,Vendredi,15
2024-04-13,2024,T2,4,Avril,2024-04,2024-04-01,2024-04-30,Samedi,15
2024-04-14,2024,T2,4,Avril,2024-04,2024-04-01,2024-04-30,Dimanche,15
2024-04-15,2024,T2,4,Avril,2024-04,2024-04-01,2024-04-30,Lundi,16
2024-04-16,2024,T2,4,Avril,2024-04,2024-04-01,2024-04-30,Mardi,16
2024-04-17,2024,T2,4,Avril,2024-04,2024-04-01,2024-04-30,Mercredi,16
2024-04-18,2024,T2,4,Avril,2024-04,2024-04-01,2024-04-30,Jeudi,16
2024-04-19,2024,T2,4,Avril,2024-04,2024-04-01,2024-04-30,Vendredi,16
2024-04-20,2024,T2,4,Avril,2024-04,2024-04-01,2024-04-30,Samedi,16
2024-04-21,2024,T2,4,Avril,2024-04,2024-04-01,2024-04-30,Dimanche,16
2024-04-22,2024,T2,4,Avril,2024-04,2024-04-01,2024-04-30,Lundi,17
2024-04-23,2024,T2,4,Avril,2024-04,2024-04-01,2024-04-30,Mardi,17
2024-04-24,2024,T2,4,Avril,2024-04,2024-04-01,2024-04-30,Mercredi,17
2024-04-25,2024,T2,4,Avril,2024-04,2024-04-01,2024-04-30,Jeudi,17
2024-04-26,2024,T2,4,Avril,2024-04,2024-04-01,2024-04-30,Vendredi,17
2024-04-27,2024,T2,4,Avril,2024-04,2024-04-01,2024-04-30,Samedi,17
2024-04-28,2024,T2,4,Avril,2024-04,2024-04-01,2024-04-30,Dimanche,17
2024-04-29,2024,T2,4,Avril,2024-04,2024-04-01,2024-04-30,Lundi,18
2024-04-30,2024,T2,4,Avril,2024-04,2024-04-01,2024-04-30,Mardi,18
2024-05-01,2024,T2,5,Mai,2024-05,2024-05-01,2024-05-31,Mercredi,18
2024-05-02,2024,T2,5,Mai,2024-05,2024-05-01,2024-05-31,Jeudi,18
2024-05-03,2024,T2,5,Mai,2024-05,2024-05-01,2024-05-31,Vendredi,18
2024-05-04,2024,T2,5,Mai,2024-05,2024-05-01,2024-05-31,Samedi,18
2024-05-05,2024,T2,5,Mai,2024-05,2024-05-01,2024-05-31,Dimanche,18
2024-05-06,2024,T2,5,Mai,2024-05,2024-05-01,2024-05-31,Lundi,19
2024-05-07,2024,T2,5,Mai,2024-05,2024-05-01,2024-05-31,Mardi,19
2024-05-08,2024,T2,5,Mai,2024-05,2024-05-01,2024-05-31,Mercredi,19
2024-05-09,2024,T2,5,Mai,2024-05,2024-05-01,2024-05-31,Jeudi,19
2024-05-10,2024,T2,5,Mai,2024-05,2024-05-01,2024-05-31,Vendredi,19
2024-05-11,2024,T2,5,Mai,2024-05,2024-05-01,2024-05-31,Samedi,19
2024-05-12,2024,T2,5,Mai,2024-05,2024-05-01,2024-05-31,Dimanche,19
2024-05-13,2024,T2,5,Mai,2024-05,2024-05-01,2024-05-31,Lundi,20
2024-05-14,2024,T2,5,Mai,2024-05,2024-05-01,2024-05-31,Mardi,20
2024-05-15,2024,T2,5,Mai,2024-05,2024-05-01,2024-05-31,Mercredi,20
2024-05-16,2024,T2,5,Mai,2024-05,2024-05-01,2024-05-31,Jeudi,20
2024-05-17,2024,T2,5,Mai,2024-05,2024-05-01,2024-05-31,Vendredi,20
2024-05-18,2024,T2,5,Mai,2024-05,2024-05-01,2024-05-31,Samedi,20
2024-05-19,2024,T2,5,Mai,2024-05,2024-05-01,2024-05-31,Dimanche,20
2024-05-20,2024,T2,5,Mai,2024-05,2024-05-01,2024-05-31,Lundi,21
2024-05-21,2024,T2,5,Mai,2024-05,2024-05-01,2024-05-31,Mardi,21
2024-05-22,2024,T2,5,Mai,2024-05,2024-05-01,2024-05-31,Mercredi,21
2024-05-23,2024,T2,5,Mai,2024-05,2024-05-01,2024-05-31,Jeudi,21
2024-05-24,2024,T2,5,Mai,2024-05,2024-05-01,2024-05-31,Vendredi,21
2024-05-25,2024,T2,5,Mai,2024-05,2024-05-01,2024-05-31,Samedi,21
2024-05-26,2024,T2,5,Mai,2024-05,2024-05-01,2024-05-31,Dimanche,21
2024-05-27,2024,T2,5,Mai,2024-05,2024-05-01,2024-05-31,Lundi,22
2024-05-28,2024,T2,5,Mai,2024-05,2024-05-01,2024-05-31,Mardi,22
2024-05-29,2024,T2,5,Mai,2024-05,2024-05-01,2024-05-31,Mercredi,22
2024-05-30,2024,T2,5,Mai,2024-05,2024-05-01,2024-05-31,Jeudi,22
2024-05-31,2024,T2,5,Mai,2024-05,2024-05-01,2024-05-31,Vendredi,22
2024-06-01,2024,T2,6,Juin,2024-06,2024-06-01,2024-06-30,Samedi,22
2024-06-02,2024,T2,6,Juin,2024-06,2024-06-01,2024-06-30,Dimanche,22
2024-06-03,2024,T2,6,Juin,2024-06,2024-06-01,2024-06-30,Lundi,23
2024-06-04,2024,T2,6,Juin,2024-06,2024-06-01,2024-06-30,Mardi,23
2024-06-05,2024,T2,6,Juin,2024-06,2024-06-01,2024-06-30,Mercredi,23
2024-06-06,2024,T2,6,Juin,2024-06,2024-06-01,2024-06-30,Jeudi,23
2024-06-07,2024,T2,6,Juin,2024-06,2024-06-01,2024-06-30,Vendredi,23
2024-06-08,2024,T2,6,Juin,2024-06,2024-06-01,2024-06-30,Samedi,23
2024-06-09,2024,T2,6,Juin,2024-06,2024-06-01,2024-06-30,Dimanche,23
2024-06-10,2024,T2,6,Juin,2024-06,2024-06-01,2024-06-30,Lundi,24
2024-06-11,2024,T2,6,Juin,2024-06,2024-06-01,2024-06-30,Mardi,24
2024-06-12,2024,T2,6,Juin,2024-06,2024-06-01,2024-06-30,Mercredi,24
2024-06-13,2024,T2,6,Juin,2024-06,2024-06-01,2024-06-30,Jeudi,24
2024-06-14,2024,T2,6,Juin,2024-06,2024-06-01,2024-06-30,Vendredi,24
2024-06-15,2024,T2,6,Juin,2024-06,2024-06-01,2024-06-30,Samedi,24
2024-06-16,2024,T2,6,Juin,2024-06,2024-06-01,2024-06-30,Dimanche,24
2024-06-17,2024,T2,6,Juin,2024-06,2024-06-01,2024-06-30,Lundi,25
2024-06-18,2024,T2,6,Juin,2024-06,2024-06-01,2024-06-30,Mardi,25
2024-06-19,2024,T2,6,Juin,2024-06,2024-06-01,2024-06-30,Mercredi,25
2024-06-20,2024,T2,6,Juin,2024-06,2024-06-01,2024-06-30,Jeudi,25
2024-06-21,2024,T2,6,Juin,2024-06,2024-06-01,2024-06-30,Vendredi,25
2024-06-22,2024,T2,6,Juin,2024-06,2024-06-01,2024-06-30,Samedi,25
2024-06-23,2024,T2,6,Juin,2024-06,2024-06-01,2024-06-30,Dimanche,25
2024-06-24,2024,T2,6,Juin,2024-06,2024-06-01,2024-06-30,Lundi,26
2024-06-25,2024,T2,6,Juin,2024-06,2024-06-01,2024-06-30,Mardi,26
2024-06-26,2024,T2,6,Juin,2024-06,2024-06-01,2024-06-30,Mercredi,26
2024-06-27,2024,T2,6,Juin,2024-06,2024-06-01,2024-06-30,Jeudi,26
2024-06-28,2024,T2,6,Juin,2024-06,2024-06-01,2024-06-30,Vendredi,26
2024-06-29,2024,T2,6,Juin,2024-06,2024-06-01,2024-06-30,Samedi,26
2024-06-30,2024,T2,6,Juin,2024-06,2024-06-01,2024-06-30,Dimanche,26
2024-07-01,2024,T3,7,Juillet,2024-07,2024-07-01,2024-07-31,Lundi,27
2024-07-02,2024,T3,7,Juillet,2024-07,2024-07-01,2024-07-31,Mardi,27
2024-07-03,2024,T3,7,Juillet,2024-07,2024-07-01,2024-07-31,Mercredi,27
2024-07-04,2024,T3,7,Juillet,2024-07,2024-07-01,2024-07-31,Jeudi,27
2024-07-05,2024,T3,7,Juillet,2024-07,2024-07-01,2024-07-31,Vendredi,27
2024-07-06,2024,T3,7,Juillet,2024-07,2024-07-01,2024-07-31,Samedi,27
2024-07-07,2024,T3,7,Juillet,2024-07,2024-07-01,2024-07-31,Dimanche,27
2024-07-08,2024,T3,7,Juillet,2024-07,2024-07-01,2024-07-31,Lundi,28
2024-07-09,2024,T3,7,Juillet,2024-07,2024-07-01,2024-07-31,Mardi,28
2024-07-10,2024,T3,7,Juillet,2024-07,2024-07-01,2024-07-31,Mercredi,28
2024-07-11,2024,T3,7,Juillet,2024-07,2024-07-01,2024-07-31,Jeudi,28
2024-07-12,2024,T3,7,Juillet,2024-07,2024-07-01,2024-07-31,Vendredi,28
2024-07-13,2024,T3,7,Juillet,2024-07,2024-07-01,2024-07-31,Samedi,28
2024-07-14,2024,T3,7,Juillet,2024-07,2024-07-01,2024-07-31,Dimanche,28
2024-07-15,2024,T3,7,Juillet,2024-07,2024-07-01,2024-07-31,Lundi,29
2024-07-16,2024,T3,7,Juillet,2024-07,2024-07-01,2024-07-31,Mardi,29
2024-07-17,2024,T3,7,Juillet,2024-07,2024-07-01,2024-07-31,Mercredi,29
2024-07-18,2024,T3,7,Juillet,2024-07,2024-07-01,2024-07-31,Jeudi,29
2024-07-19,2024,T3,7,Juillet,2024-07,2024-07-01,2024-07-31,Vendredi,29
2024-07-20,2024,T3,7,Juillet,2024-07,2024-07-01,2024-07-31,Samedi,29
2024-07-21,2024,T3,7,Juillet,2024-07,2024-07-01,2024-07-31,Dimanche,29
2024-07-22,2024,T3,7,Juillet,2024-07,2024-07-01,2024-07-31,Lundi,30
2024-07-23,2024,T3,7,Juillet,2024-07,2024-07-01,2024-07-31,Mardi,30
2024-07-24,2024,T3,7,Juillet,2024-07,2024-07-01,2024-07-31,Mercredi,30
2024-07-25,2024,T3,7,Juillet,2024-07,2024-07-01,2024-07-31,Jeudi,30
2024-07-26,2024,T3,7,Juillet,2024-07,2024-07-01,2024-07-31,Vendredi,30
2024-07-27,2024,T3,7,Juillet,2024-07,2024-07-01,2024-07-31,Samedi,30
2024-07-28,2024,T3,7,Juillet,2024-07,2024-07-01,2024-07-31,Dimanche,30
2024-07-29,2024,T3,7,Juillet,2024-07,2024-07-01,2024-07-31,Lundi,31
2024-07-30,2024,T3,7,Juillet,2024-07,2024-07-01,2024-07-31,Mardi,31
2024-07-31,2024,T3,7,Juillet,2024-07,2024-07-01,2024-07-31,Mercredi,31
2024-08-01,2024,T3,8,Août,2024-08,2024-08-01,2024-08-31,Jeudi,31
2024-08-02,2024,T3,8,Août,2024-08,2024-08-01,2024-08-31,Vendredi,31
2024-08-03,2024,T3,8,Août,2024-08,2024-08-01,2024-08-31,Samedi,31
2024-08-04,2024,T3,8,Août,2024-08,2024-08-01,2024-08-31,Dimanche,31
2024-08-05,2024,T3,8,Août,2024-08,2024-08-01,2024-08-31,Lundi,32
2024-08-06,2024,T3,8,Août,2024-08,2024-08-01,2024-08-31,Mardi,32
2024-08-07,2024,T3,8,Août,2024-08,2024-08-01,2024-08-31,Mercredi,32
2024-08-08,2024,T3,8,Août,2024-08,2024-08-01,2024-08-31,Jeudi,32
2024-08-09,2024,T3,8,Août,2024-08,2024-08-01,2024-08-31,Vendredi,32
2024-08-10,2024,T3,8,Août,2024-08,2024-08-01,2024-08-31,Samedi,32
2024-08-11,2024,T3,8,Août,2024-08,2024-08-01,2024-08-31,Dimanche,32
2024-08-12,2024,T3,8,Août,2024-08,2024-08-01,2024-08-31,Lundi,33
2024-08-13,2024,T3,8,Août,2024-08,2024-08-01,2024-08-31,Mardi,33
2024-08-14,2024,T3,8,Août,2024-08,2024-08-01,2024-08-31,Mercredi,33
2024-08-15,2024,T3,8,Août,2024-08,2024-08-01,2024-08-31,Jeudi,33
2024-08-16,2024,T3,8,Août,2024-08,2024-08-01,2024-08-31,Vendredi,33
2024-08-17,2024,T3,8,Août,2024-08,2024-08-01,2024-08-31,Samedi,33
2024-08-18,2024,T3,8,Août,2024-08,2024-08-01,2024-08-31,Dimanche,33
2024-08-19,2024,T3,8,Août,2024-08,2024-08-01,2024-08-31,Lundi,34
2024-08-20,2024,T3,8,Août,2024-08,2024-08-01,2024-08-31,Mardi,34
2024-08-21,2024,T3,8,Août,2024-08,2024-08-01,2024-08-31,Mercredi,34
2024-08-22,2024,T3,8,Août,2024-08,2024-08-01,2024-08-31,Jeudi,34
2024-08-23,2024,T3,8,Août,2024-08,2024-08-01,2024-08-31,Vendredi,34
2024-08-24,2024,T3,8,Août,2024-08,2024-08-01,2024-08-31,Samedi,34
2024-08-25,2024,T3,8,Août,2024-08,2024-08-01,2024-08-31,Dimanche,34
2024-08-26,2024,T3,8,Août,2024-08,2024-08-01,2024-08-31,Lundi,35
2024-08-27,2024,T3,8,Août,2024-08,2024-08-01,2024-08-31,Mardi,35
2024-08-28,2024,T3,8,Août,2024-08,2024-08-01,2024-08-31,Mercredi,35
2024-08-29,2024,T3,8,Août,2024-08,2024-08-01,2024-08-31,Jeudi,35
2024-08-30,2024,T3,8,Août,2024-08,2024-08-01,2024-08-31,Vendredi,35
2024-08-31,2024,T3,8,Août,2024-08,2024-08-01,2024-08-31,Samedi,35
2024-09-01,2024,T3,9,Septembre,2024-09,2024-09-01,2024-09-30,Dimanche,35
2024-09-02,2024,T3,9,Septembre,2024-09,2024-09-01,2024-09-30,Lundi,36
2024-09-03,2024,T3,9,Septembre,2024-09,2024-09-01,2024-09-30,Mardi,36
2024-09-04,2024,T3,9,Septembre,2024-09,2024-09-01,2024-09-30,Mercredi,36
2024-09-05,2024,T3,9,Septembre,2024-09,2024-09-01,2024-09-30,Jeudi,36
2024-09-06,2024,T3,9,Septembre,2024-09,2024-09-01,2024-09-30,Vendredi,36
2024-09-07,2024,T3,9,Septembre,2024-09,2024-09-01,2024-09-30,Samedi,36
2024-09-08,2024,T3,9,Septembre,2024-09,2024-09-01,2024-09-30,Dimanche,36
2024-09-09,2024,T3,9,Septembre,2024-09,2024-09-01,2024-09-30,Lundi,37
2024-09-10,2024,T3,9,Septembre,2024-09,2024-09-01,2024-09-30,Mardi,37
2024-09-11,2024,T3,9,Septembre,2024-09,2024-09-01,2024-09-30,Mercredi,37
2024-09-12,2024,T3,9,Septembre,2024-09,2024-09-01,2024-09-30,Jeudi,37
2024-09-13,2024,T3,9,Septembre,2024-09,2024-09-01,2024-09-30,Vendredi,37
2024-09-14,2024,T3,9,Septembre,2024-09,2024-09-01,2024-09-30,Samedi,37
2024-09-15,2024,T3,9,Septembre,2024-09,2024-09-01,2024-09-30,Dimanche,37
2024-09-16,2024,T3,9,Septembre,2024-09,2024-09-01,2024-09-30,Lundi,38
2024-09-17,2024,T3,9,Septembre,2024-09,2024-09-01,2024-09-30,Mardi,38
2024-09-18,2024,T3,9,Septembre,2024-09,2024-09-01,2024-09-30,Mercredi,38
2024-09-19,2024,T3,9,Septembre,2024-09,2024-09-01,2024-09-30,Jeudi,38
2024-09-20,2024,T3,9,Septembre,2024-09,2024-09-01,2024-09-30,Vendredi,38
2024-09-21,2024,T3,9,Septembre,2024-09,2024-09-01,2024-09-30,Samedi,38
2024-09-22,2024,T3,9,Septembre,2024-09,2024-09-01,2024-09-30,Dimanche,38
2024-09-23,2024,T3,9,Septembre,2024-09,2024-09-01,2024-09-30,Lundi,39
2024-09-24,2024,T3,9,Septembre,2024-09,2024-09-01,2024-09-30,Mardi,39
2024-09-25,2024,T3,9,Septembre,2024-09,2024-09-01,2024-09-30,Mercredi,39
2024-09-26,2024,T3,9,Septembre,2024-09,2024-09-01,2024-09-30,Jeudi,39
2024-09-27,2024,T3,9,Septembre,2024-09,2024-09-01,2024-09-30,Vendredi,39
2024-09-28,2024,T3,9,Septembre,2024-09,2024-09-01,2024-09-30,Samedi,39
2024-09-29,2024,T3,9,Septembre,2024-09,2024-09-01,2024-09-30,Dimanche,39
2024-09-30,2024,T3,9,Septembre,2024-09,2024-09-01,2024-09-30,Lundi,40
2024-10-01,2024,T4,10,Octobre,2024-10,2024-10-01,2024-10-31,Mardi,40
2024-10-02,2024,T4,10,Octobre,2024-10,2024-10-01,2024-10-31,Mercredi,40
2024-10-03,2024,T4,10,Octobre,2024-10,2024-10-01,2024-10-31,Jeudi,40
2024-10-04,2024,T4,10,Octobre,2024-10,2024-10-01,2024-10-31,Vendredi,40
2024-10-05,2024,T4,10,Octobre,2024-10,2024-10-01,2024-10-31,Samedi,40
2024-10-06,2024,T4,10,Octobre,2024-10,2024-10-01,2024-10-31,Dimanche,40
2024-10-07,2024,T4,10,Octobre,2024-10,2024-10-01,2024-10-31,Lundi,41
2024-10-08,2024,T4,10,Octobre,2024-10,2024-10-01,2024-10-31,Mardi,41
2024-10-09,2024,T4,10,Octobre,2024-10,2024-10-01,2024-10-31,Mercredi,41
2024-10-10,2024,T4,10,Octobre,2024-10,2024-10-01,2024-10-31,Jeudi,41
2024-10-11,2024,T4,10,Octobre,2024-10,2024-10-01,2024-10-31,Vendredi,41
2024-10-12,2024,T4,10,Octobre,2024-10,2024-10-01,2024-10-31,Samedi,41
2024-10-13,2024,T4,10,Octobre,2024-10,2024-10-01,2024-10-31,Dimanche,41
2024-10-14,2024,T4,10,Octobre,2024-10,2024-10-01,2024-10-31,Lundi,42
2024-10-15,2024,T4,10,Octobre,2024-10,2024-10-01,2024-10-31,Mardi,42
2024-10-16,2024,T4,10,Octobre,2024-10,2024-10-01,2024-10-31,Mercredi,42
2024-10-17,2024,T4,10,Octobre,2024-10,2024-10-01,2024-10-31,Jeudi,42
2024-10-18,2024,T4,10,Octobre,2024-10,2024-10-01,2024-10-31,Vendredi,42
2024-10-19,2024,T4,10,Octobre,2024-10,2024-10-01,2024-10-31,Samedi,42
2024-10-20,2024,T4,10,Octobre,2024-10,2024-10-01,2024-10-31,Dimanche,42
2024-10-21,2024,T4,10,Octobre,2024-10,2024-10-01,2024-10-31,Lundi,43
2024-10-22,2024,T4,10,Octobre,2024-10,2024-10-01,2024-10-31,Mardi,43
2024-10-23,2024,T4,10,Octobre,2024-10,2024-10-01,2024-10-31,Mercredi,43
2024-10-24,2024,T4,10,Octobre,2024-10,2024-10-01,2024-10-31,Jeudi,43
2024-10-25,2024,T4,10,Octobre,2024-10,2024-10-01,2024-10-31,Vendredi,43
2024-10-26,2024,T4,10,Octobre,2024-10,2024-10-01,2024-10-31,Samedi,43
2024-10-27,2024,T4,10,Octobre,2024-10,2024-10-01,2024-10-31,Dimanche,43
2024-10-28,2024,T4,10,Octobre,2024-10,2024-10-01,2024-10-31,Lundi,44
2024-10-29,2024,T4,10,Octobre,2024-10,2024-10-01,2024-10-31,Mardi,44
2024-10-30,2024,T4,10,Octobre,2024-10,2024-10-01,2024-10-31,Mercredi,44
2024-10-31,2024,T4,10,Octobre,2024-10,2024-10-01,2024-10-31,Jeudi,44
2024-11-01,2024,T4,11,Novembre,2024-11,2024-11-01,2024-11-30,Vendredi,44
2024-11-02,2024,T4,11,Novembre,2024-11,2024-11-01,2024-11-30,Samedi,44
2024-11-03,2024,T4,11,Novembre,2024-11,2024-11-01,2024-11-30,Dimanche,44
2024-11-04,2024,T4,11,Novembre,2024-11,2024-11-01,2024-11-30,Lundi,45
2024-11-05,2024,T4,11,Novembre,2024-11,2024-11-01,2024-11-30,Mardi,45
2024-11-06,2024,T4,11,Novembre,2024-11,2024-11-01,2024-11-30,Mercredi,45
2024-11-07,2024,T4,11,Novembre,2024-11,2024-11-01,2024-11-30,Jeudi,45
2024-11-08,2024,T4,11,Novembre,2024-11,2024-11-01,2024-11-30,Vendredi,45
2024-11-09,2024,T4,11,Novembre,2024-11,2024-11-01,2024-11-30,Samedi,45
2024-11-10,2024,T4,11,Novembre,2024-11,2024-11-01,2024-11-30,Dimanche,45
2024-11-11,2024,T4,11,Novembre,2024-11,2024-11-01,2024-11-30,Lundi,46
2024-11-12,2024,T4,11,Novembre,2024-11,2024-11-01,2024-11-30,Mardi,46
2024-11-13,2024,T4,11,Novembre,2024-11,2024-11-01,2024-11-30,Mercredi,46
2024-11-14,2024,T4,11,Novembre,2024-11,2024-11-01,2024-11-30,Jeudi,46
2024-11-15,2024,T4,11,Novembre,2024-11,2024-11-01,2024-11-30,Vendredi,46
2024-11-16,2024,T4,11,Novembre,2024-11,2024-11-01,2024-11-30,Samedi,46
2024-11-17,2024,T4,11,Novembre,2024-11,2024-11-01,2024-11-30,Dimanche,46
2024-11-18,2024,T4,11,Novembre,2024-11,2024-11-01,2024-11-30,Lundi,47
2024-11-19,2024,T4,11,Novembre,2024-11,2024-11-01,2024-11-30,Mardi,47
2024-11-20,2024,T4,11,Novembre,2024-11,2024-11-01,2024-11-30,Mercredi,47
2024-11-21,2024,T4,11,Novembre,2024-11,2024-11-01,2024-11-30,Jeudi,47
2024-11-22,2024,T4,11,Novembre,2024-11,2024-11-01,2024-11-30,Vendredi,47
2024-11-23,2024,T4,11,Novembre,2024-11,2024-11-01,2024-11-30,Samedi,47
2024-11-24,2024,T4,11,Novembre,2024-11,2024-11-01,2024-11-30,Dimanche,47
2024-11-25,2024,T4,11,Novembre,2024-11,2024-11-01,2024-11-30,Lundi,48
2024-11-26,2024,T4,11,Novembre,2024-11,2024-11-01,2024-11-30,Mardi,48
2024-11-27,2024,T4,11,Novembre,2024-11,2024-11-01,2024-11-30,Mercredi,48
2024-11-28,2024,T4,11,Novembre,2024-11,2024-11-01,2024-11-30,Jeudi,48
2024-11-29,2024,T4,11,Novembre,2024-11,2024-11-01,2024-11-30,Vendredi,48
2024-11-30,2024,T4,11,Novembre,2024-11,2024-11-01,2024-11-30,Samedi,48
2024-12-01,2024,T4,12,Décembre,2024-12,2024-12-01,2024-12-31,Dimanche,48
2024-12-02,2024,T4,12,Décembre,2024-12,2024-12-01,2024-12-31,Lundi,49
2024-12-03,2024,T4,12,Décembre,2024-12,2024-12-01,2024-12-31,Mardi,49
2024-12-04,2024,T4,12,Décembre,2024-12,2024-12-01,2024-12-31,Mercredi,49
2024-12-05,2024,T4,12,Décembre,2024-12,2024-12-01,2024-12-31,Jeudi,49
2024-12-06,2024,T4,12,Décembre,2024-12,2024-12-01,2024-12-31,Vendredi,49
2024-12-07,2024,T4,12,Décembre,2024-12,2024-12-01,2024-12-31,Samedi,49
2024-12-08,2024,T4,12,Décembre,2024-12,2024-12-01,2024-12-31,Dimanche,49
2024-12-09,2024,T4,12,Décembre,2024-12,2024-12-01,2024-12-31,Lundi,50
2024-12-10,2024,T4,12,Décembre,2024-12,2024-12-01,2024-12-31,Mardi,50
2024-12-11,2024,T4,12,Décembre,2024-12,2024-12-01,2024-12-31,Mercredi,50
2024-12-12,2024,T4,12,Décembre,2024-12,2024-12-01,2024-12-31,Jeudi,50
2024-12-13,2024,T4,12,Décembre,2024-12,2024-12-01,2024-12-31,Vendredi,50
2024-12-14,2024,T4,12,Décembre,2024-12,2024-12-01,2024-12-31,Samedi,50
2024-12-15,2024,T4,12,Décembre,2024-12,2024-12-01,2024-12-31,Dimanche,50
2024-12-16,2024,T4,12,Décembre,2024-12,2024-12-01,2024-12-31,Lundi,51
2024-12-17,2024,T4,12,Décembre,2024-12,2024-12-01,2024-12-31,Mardi,51
2024-12-18,2024,T4,12,Décembre,2024-12,2024-12-01,2024-12-31,Mercredi,51
2024-12-19,2024,T4,12,Décembre,2024-12,2024-12-01,2024-12-31,Jeudi,51
2024-12-20,2024,T4,12,Décembre,2024-12,2024-12-01,2024-12-31,Vendredi,51
2024-12-21,2024,T4,12,Décembre,2024-12,2024-12-01,2024-12-31,Samedi,51
2024-12-22,2024,T4,12,Décembre,2024-12,2024-12-01,2024-12-31,Dimanche,51
2024-12-23,2024,T4,12,Décembre,2024-12,2024-12-01,2024-12-31,Lundi,52
2024-12-24,2024,T4,12,Décembre,2024-12,2024-12-01,2024-12-31,Mardi,52
2024-12-25,2024,T4,12,Décembre,2024-12,2024-12-01,2024-12-31,Mercredi,52
2024-12-26,2024,T4,12,Décembre,2024-12,2024-12-01,2024-12-31,Jeudi,52
2024-12-27,2024,T4,12,Décembre,2024-12,2024-12-01,2024-12-31,Vendredi,52
2024-12-28,2024,T4,12,Décembre,2024-12,2024-12-01,2024-12-31,Samedi,52
2024-12-29,2024,T4,12,Décembre,2024-12,2024-12-01,2024-12-31,Dimanche,52
2024-12-30,2024,T4,12,Décembre,2024-12,2024-12-01,2024-12-31,Lundi,1
2024-12-31,2024,T4,12,Décembre,2024-12,2024-12-01,2024-12-31,Mardi,1
2025-01-01,2025,T1,1,Janvier,2025-01,2025-01-01,2025-01-31,Mercredi,1
2025-01-02,2025,T1,1,Janvier,2025-01,2025-01-01,2025-01-31,Jeudi,1
2025-01-03,2025,T1,1,Janvier,2025-01,2025-01-01,2025-01-31,Vendredi,1
2025-01-04,2025,T1,1,Janvier,2025-01,2025-01-01,2025-01-31,Samedi,1
2025-01-05,2025,T1,1,Janvier,2025-01,2025-01-01,2025-01-31,Dimanche,1
2025-01-06,2025,T1,1,Janvier,2025-01,2025-01-01,2025-01-31,Lundi,2
2025-01-07,2025,T1,1,Janvier,2025-01,2025-01-01,2025-01-31,Mardi,2
2025-01-08,2025,T1,1,Janvier,2025-01,2025-01-01,2025-01-31,Mercredi,2
2025-01-09,2025,T1,1,Janvier,2025-01,2025-01-01,2025-01-31,Jeudi,2
2025-01-10,2025,T1,1,Janvier,2025-01,2025-01-01,2025-01-31,Vendredi,2
2025-01-11,2025,T1,1,Janvier,2025-01,2025-01-01,2025-01-31,Samedi,2
2025-01-12,2025,T1,1,Janvier,2025-01,2025-01-01,2025-01-31,Dimanche,2
2025-01-13,2025,T1,1,Janvier,2025-01,2025-01-01,2025-01-31,Lundi,3
2025-01-14,2025,T1,1,Janvier,2025-01,2025-01-01,2025-01-31,Mardi,3
2025-01-15,2025,T1,1,Janvier,2025-01,2025-01-01,2025-01-31,Mercredi,3
2025-01-16,2025,T1,1,Janvier,2025-01,2025-01-01,2025-01-31,Jeudi,3
2025-01-17,2025,T1,1,Janvier,2025-01,2025-01-01,2025-01-31,Vendredi,3
2025-01-18,2025,T1,1,Janvier,2025-01,2025-01-01,2025-01-31,Samedi,3
2025-01-19,2025,T1,1,Janvier,2025-01,2025-01-01,2025-01-31,Dimanche,3
2025-01-20,2025,T1,1,Janvier,2025-01,2025-01-01,2025-01-31,Lundi,4
2025-01-21,2025,T1,1,Janvier,2025-01,2025-01-01,2025-01-31,Mardi,4
2025-01-22,2025,T1,1,Janvier,2025-01,2025-01-01,2025-01-31,Mercredi,4
2025-01-23,2025,T1,1,Janvier,2025-01,2025-01-01,2025-01-31,Jeudi,4
2025-01-24,2025,T1,1,Janvier,2025-01,2025-01-01,2025-01-31,Vendredi,4
2025-01-25,2025,T1,1,Janvier,2025-01,2025-01-01,2025-01-31,Samedi,4
2025-01-26,2025,T1,1,Janvier,2025-01,2025-01-01,2025-01-31,Dimanche,4
2025-01-27,2025,T1,1,Janvier,2025-01,2025-01-01,2025-01-31,Lundi,5
2025-01-28,2025,T1,1,Janvier,2025-01,2025-01-01,2025-01-31,Mardi,5
2025-01-29,2025,T1,1,Janvier,2025-01,2025-01-01,2025-01-31,Mercredi,5
2025-01-30,2025,T1,1,Janvier,2025-01,2025-01-01,2025-01-31,Jeudi,5
2025-01-31,2025,T1,1,Janvier,2025-01,2025-01-01,2025-01-31,Vendredi,5
2025-02-01,2025,T1,2,Février,2025-02,2025-02-01,2025-02-28,Samedi,5
2025-02-02,2025,T1,2,Février,2025-02,2025-02-01,2025-02-28,Dimanche,5
2025-02-03,2025,T1,2,Février,2025-02,2025-02-01,2025-02-28,Lundi,6
2025-02-04,2025,T1,2,Février,2025-02,2025-02-01,2025-02-28,Mardi,6
2025-02-05,2025,T1,2,Février,2025-02,2025-02-01,2025-02-28,Mercredi,6
2025-02-06,2025,T1,2,Février,2025-02,2025-02-01,2025-02-28,Jeudi,6
2025-02-07,2025,T1,2,Février,2025-02,2025-02-01,2025-02-28,Vendredi,6
2025-02-08,2025,T1,2,Février,2025-02,2025-02-01,2025-02-28,Samedi,6
2025-02-09,2025,T1,2,Février,2025-02,2025-02-01,2025-02-28,Dimanche,6
2025-02-10,2025,T1,2,Février,2025-02,2025-02-01,2025-02-28,Lundi,7
2025-02-11,2025,T1,2,Février,2025-02,2025-02-01,2025-02-28,Mardi,7
2025-02-12,2025,T1,2,Février,2025-02,2025-02-01,2025-02-28,Mercredi,7
2025-02-13,2025,T1,2,Février,2025-02,2025-02-01,2025-02-28,Jeudi,7
2025-02-14,2025,T1,2,Février,2025-02,2025-02-01,2025-02-28,Vendredi,7
2025-02-15,2025,T1,2,Février,2025-02,2025-02-01,2025-02-28,Samedi,7
2025-02-16,2025,T1,2,Février,2025-02,2025-02-01,2025-02-28,Dimanche,7
2025-02-17,2025,T1,2,Février,2025-02,2025-02-01,2025-02-28,Lundi,8
2025-02-18,2025,T1,2,Février,2025-02,2025-02-01,2025-02-28,Mardi,8
2025-02-19,2025,T1,2,Février,2025-02,2025-02-01,2025-02-28,Mercredi,8
2025-02-20,2025,T1,2,Février,2025-02,2025-02-01,2025-02-28,Jeudi,8
2025-02-21,2025,T1,2,Février,2025-02,2025-02-01,2025-02-28,Vendredi,8
2025-02-22,2025,T1,2,Février,2025-02,2025-02-01,2025-02-28,Samedi,8
2025-02-23,2025,T1,2,Février,2025-02,2025-02-01,2025-02-28,Dimanche,8
2025-02-24,2025,T1,2,Février,2025-02,2025-02-01,2025-02-28,Lundi,9
2025-02-25,2025,T1,2,Février,2025-02,2025-02-01,2025-02-28,Mardi,9
2025-02-26,2025,T1,2,Février,2025-02,2025-02-01,2025-02-28,Mercredi,9
2025-02-27,2025,T1,2,Février,2025-02,2025-02-01,2025-02-28,Jeudi,9
2025-02-28,2025,T1,2,Février,2025-02,2025-02-01,2025-02-28,Vendredi,9
2025-03-01,2025,T1,3,Mars,2025-03,2025-03-01,2025-03-31,Samedi,9
2025-03-02,2025,T1,3,Mars,2025-03,2025-03-01,2025-03-31,Dimanche,9
2025-03-03,2025,T1,3,Mars,2025-03,2025-03-01,2025-03-31,Lundi,10
2025-03-04,2025,T1,3,Mars,2025-03,2025-03-01,2025-03-31,Mardi,10
2025-03-05,2025,T1,3,Mars,2025-03,2025-03-01,2025-03-31,Mercredi,10
2025-03-06,2025,T1,3,Mars,2025-03,2025-03-01,2025-03-31,Jeudi,10
2025-03-07,2025,T1,3,Mars,2025-03,2025-03-01,2025-03-31,Vendredi,10
2025-03-08,2025,T1,3,Mars,2025-03,2025-03-01,2025-03-31,Samedi,10
2025-03-09,2025,T1,3,Mars,2025-03,2025-03-01,2025-03-31,Dimanche,10
2025-03-10,2025,T1,3,Mars,2025-03,2025-03-01,2025-03-31,Lundi,11
2025-03-11,2025,T1,3,Mars,2025-03,2025-03-01,2025-03-31,Mardi,11
2025-03-12,2025,T1,3,Mars,2025-03,2025-03-01,2025-03-31,Mercredi,11
2025-03-13,2025,T1,3,Mars,2025-03,2025-03-01,2025-03-31,Jeudi,11
2025-03-14,2025,T1,3,Mars,2025-03,2025-03-01,2025-03-31,Vendredi,11
2025-03-15,2025,T1,3,Mars,2025-03,2025-03-01,2025-03-31,Samedi,11
2025-03-16,2025,T1,3,Mars,2025-03,2025-03-01,2025-03-31,Dimanche,11
2025-03-17,2025,T1,3,Mars,2025-03,2025-03-01,2025-03-31,Lundi,12
2025-03-18,2025,T1,3,Mars,2025-03,2025-03-01,2025-03-31,Mardi,12
2025-03-19,2025,T1,3,Mars,2025-03,2025-03-01,2025-03-31,Mercredi,12
2025-03-20,2025,T1,3,Mars,2025-03,2025-03-01,2025-03-31,Jeudi,12
2025-03-21,2025,T1,3,Mars,2025-03,2025-03-01,2025-03-31,Vendredi,12
2025-03-22,2025,T1,3,Mars,2025-03,2025-03-01,2025-03-31,Samedi,12
2025-03-23,2025,T1,3,Mars,2025-03,2025-03-01,2025-03-31,Dimanche,12
2025-03-24,2025,T1,3,Mars,2025-03,2025-03-01,2025-03-31,Lundi,13
2025-03-25,2025,T1,3,Mars,2025-03,2025-03-01,2025-03-31,Mardi,13
2025-03-26,2025,T1,3,Mars,2025-03,2025-03-01,2025-03-31,Mercredi,13
2025-03-27,2025,T1,3,Mars,2025-03,2025-03-01,2025-03-31,Jeudi,13
2025-03-28,2025,T1,3,Mars,2025-03,2025-03-01,2025-03-31,Vendredi,13
2025-03-29,2025,T1,3,Mars,2025-03,2025-03-01,2025-03-31,Samedi,13
2025-03-30,2025,T1,3,Mars,2025-03,2025-03-01,2025-03-31,Dimanche,13
2025-03-31,2025,T1,3,Mars,2025-03,2025-03-01,2025-03-31,Lundi,14
2025-04-01,2025,T2,4,Avril,2025-04,2025-04-01,2025-04-30,Mardi,14
2025-04-02,2025,T2,4,Avril,2025-04,2025-04-01,2025-04-30,Mercredi,14
2025-04-03,2025,T2,4,Avril,2025-04,2025-04-01,2025-04-30,Jeudi,14
2025-04-04,2025,T2,4,Avril,2025-04,2025-04-01,2025-04-30,Vendredi,14
2025-04-05,2025,T2,4,Avril,2025-04,2025-04-01,2025-04-30,Samedi,14
2025-04-06,2025,T2,4,Avril,2025-04,2025-04-01,2025-04-30,Dimanche,14
2025-04-07,2025,T2,4,Avril,2025-04,2025-04-01,2025-04-30,Lundi,15
2025-04-08,2025,T2,4,Avril,2025-04,2025-04-01,2025-04-30,Mardi,15
2025-04-09,2025,T2,4,Avril,2025-04,2025-04-01,2025-04-30,Mercredi,15
2025-04-10,2025,T2,4,Avril,2025-04,2025-04-01,2025-04-30,Jeudi,15
2025-04-11,2025,T2,4,Avril,2025-04,2025-04-01,2025-04-30,Vendredi,15
2025-04-12,2025,T2,4,Avril,2025-04,2025-04-01,2025-04-30,Samedi,15
2025-04-13,2025,T2,4,Avril,2025-04,2025-04-01,2025-04-30,Dimanche,15
2025-04-14,2025,T2,4,Avril,2025-04,2025-04-01,2025-04-30,Lundi,16
2025-04-15,2025,T2,4,Avril,2025-04,2025-04-01,2025-04-30,Mardi,16
2025-04-16,2025,T2,4,Avril,2025-04,2025-04-01,2025-04-30,Mercredi,16
2025-04-17,2025,T2,4,Avril,2025-04,2025-04-01,2025-04-30,Jeudi,16
2025-04-18,2025,T2,4,Avril,2025-04,2025-04-01,2025-04-30,Vendredi,16
2025-04-19,2025,T2,4,Avril,2025-04,2025-04-01,2025-04-30,Samedi,16
2025-04-20,2025,T2,4,Avril,2025-04,2025-04-01,2025-04-30,Dimanche,16
2025-04-21,2025,T2,4,Avril,2025-04,2025-04-01,2025-04-30,Lundi,17
2025-04-22,2025,T2,4,Avril,2025-04,2025-04-01,2025-04-30,Mardi,17
2025-04-23,2025,T2,4,Avril,2025-04,2025-04-01,2025-04-30,Mercredi,17
2025-04-24,2025,T2,4,Avril,2025-04,2025-04-01,2025-04-30,Jeudi,17
2025-04-25,2025,T2,4,Avril,2025-04,2025-04-01,2025-04-30,Vendredi,17
2025-04-26,2025,T2,4,Avril,2025-04,2025-04-01,2025-04-30,Samedi,17
2025-04-27,2025,T2,4,Avril,2025-04,2025-04-01,2025-04-30,Dimanche,17
2025-04-28,2025,T2,4,Avril,2025-04,2025-04-01,2025-04-30,Lundi,18
2025-04-29,2025,T2,4,Avril,2025-04,2025-04-01,2025-04-30,Mardi,18
2025-04-30,2025,T2,4,Avril,2025-04,2025-04-01,2025-04-30,Mercredi,18
2025-05-01,2025,T2,5,Mai,2025-05,2025-05-01,2025-05-31,Jeudi,18
2025-05-02,2025,T2,5,Mai,2025-05,2025-05-01,2025-05-31,Vendredi,18
2025-05-03,2025,T2,5,Mai,2025-05,2025-05-01,2025-05-31,Samedi,18
2025-05-04,2025,T2,5,Mai,2025-05,2025-05-01,2025-05-31,Dimanche,18
2025-05-05,2025,T2,5,Mai,2025-05,2025-05-01,2025-05-31,Lundi,19
2025-05-06,2025,T2,5,Mai,2025-05,2025-05-01,2025-05-31,Mardi,19
2025-05-07,2025,T2,5,Mai,2025-05,2025-05-01,2025-05-31,Mercredi,19
2025-05-08,2025,T2,5,Mai,2025-05,2025-05-01,2025-05-31,Jeudi,19
2025-05-09,2025,T2,5,Mai,2025-05,2025-05-01,2025-05-31,Vendredi,19
2025-05-10,2025,T2,5,Mai,2025-05,2025-05-01,2025-05-31,Samedi,19
2025-05-11,2025,T2,5,Mai,2025-05,2025-05-01,2025-05-31,Dimanche,19
2025-05-12,2025,T2,5,Mai,2025-05,2025-05-01,2025-05-31,Lundi,20
2025-05-13,2025,T2,5,Mai,2025-05,2025-05-01,2025-05-31,Mardi,20
2025-05-14,2025,T2,5,Mai,2025-05,2025-05-01,2025-05-31,Mercredi,20
2025-05-15,2025,T2,5,Mai,2025-05,2025-05-01,2025-05-31,Jeudi,20
2025-05-16,2025,T2,5,Mai,2025-05,2025-05-01,2025-05-31,Vendredi,20
2025-05-17,2025,T2,5,Mai,2025-05,2025-05-01,2025-05-31,Samedi,20
2025-05-18,2025,T2,5,Mai,2025-05,2025-05-01,2025-05-31,Dimanche,20
2025-05-19,2025,T2,5,Mai,2025-05,2025-05-01,2025-05-31,Lundi,21
2025-05-20,2025,T2,5,Mai,2025-05,2025-05-01,2025-05-31,Mardi,21
2025-05-21,2025,T2,5,Mai,2025-05,2025-05-01,2025-05-31,Mercredi,21
2025-05-22,2025,T2,5,Mai,2025-05,2025-05-01,2025-05-31,Jeudi,21
2025-05-23,2025,T2,5,Mai,2025-05,2025-05-01,2025-05-31,Vendredi,21
2025-05-24,2025,T2,5,Mai,2025-05,2025-05-01,2025-05-31,Samedi,21
2025-05-25,2025,T2,5,Mai,2025-05,2025-05-01,2025-05-31,Dimanche,21
2025-05-26,2025,T2,5,Mai,2025-05,2025-05-01,2025-05-31,Lundi,22
2025-05-27,2025,T2,5,Mai,2025-05,2025-05-01,2025-05-31,Mardi,22
2025-05-28,2025,T2,5,Mai,2025-05,2025-05-01,2025-05-31,Mercredi,22
2025-05-29,2025,T2,5,Mai,2025-05,2025-05-01,2025-05-31,Jeudi,22
2025-05-30,2025,T2,5,Mai,2025-05,2025-05-01,2025-05-31,Vendredi,22
2025-05-31,2025,T2,5,Mai,2025-05,2025-05-01,2025-05-31,Samedi,22
2025-06-01,2025,T2,6,Juin,2025-06,2025-06-01,2025-06-30,Dimanche,22
2025-06-02,2025,T2,6,Juin,2025-06,2025-06-01,2025-06-30,Lundi,23
2025-06-03,2025,T2,6,Juin,2025-06,2025-06-01,2025-06-30,Mardi,23
2025-06-04,2025,T2,6,Juin,2025-06,2025-06-01,2025-06-30,Mercredi,23
2025-06-05,2025,T2,6,Juin,2025-06,2025-06-01,2025-06-30,Jeudi,23
2025-06-06,2025,T2,6,Juin,2025-06,2025-06-01,2025-06-30,Vendredi,23
2025-06-07,2025,T2,6,Juin,2025-06,2025-06-01,2025-06-30,Samedi,23
2025-06-08,2025,T2,6,Juin,2025-06,2025-06-01,2025-06-30,Dimanche,23
2025-06-09,2025,T2,6,Juin,2025-06,2025-06-01,2025-06-30,Lundi,24
2025-06-10,2025,T2,6,Juin,2025-06,2025-06-01,2025-06-30,Mardi,24
2025-06-11,2025,T2,6,Juin,2025-06,2025-06-01,2025-06-30,Mercredi,24
2025-06-12,2025,T2,6,Juin,2025-06,2025-06-01,2025-06-30,Jeudi,24
2025-06-13,2025,T2,6,Juin,2025-06,2025-06-01,2025-06-30,Vendredi,24
2025-06-14,2025,T2,6,Juin,2025-06,2025-06-01,2025-06-30,Samedi,24
2025-06-15,2025,T2,6,Juin,2025-06,2025-06-01,2025-06-30,Dimanche,24
2025-06-16,2025,T2,6,Juin,2025-06,2025-06-01,2025-06-30,Lundi,25
2025-06-17,2025,T2,6,Juin,2025-06,2025-06-01,2025-06-30,Mardi,25
2025-06-18,2025,T2,6,Juin,2025-06,2025-06-01,2025-06-30,Mercredi,25
2025-06-19,2025,T2,6,Juin,2025-06,2025-06-01,2025-06-30,Jeudi,25
2025-06-20,2025,T2,6,Juin,2025-06,2025-06-01,2025-06-30,Vendredi,25
2025-06-21,2025,T2,6,Juin,2025-06,2025-06-01,2025-06-30,Samedi,25
2025-06-22,2025,T2,6,Juin,2025-06,2025-06-01,2025-06-30,Dimanche,25
2025-06-23,2025,T2,6,Juin,2025-06,2025-06-01,2025-06-30,Lundi,26
2025-06-24,2025,T2,6,Juin,2025-06,2025-06-01,2025-06-30,Mardi,26
2025-06-25,2025,T2,6,Juin,2025-06,2025-06-01,2025-06-30,Mercredi,26
2025-06-26,2025,T2,6,Juin,2025-06,2025-06-01,2025-06-30,Jeudi,26
2025-06-27,2025,T2,6,Juin,2025-06,2025-06-01,2025-06-30,Vendredi,26
2025-06-28,2025,T2,6,Juin,2025-06,2025-06-01,2025-06-30,Samedi,26
2025-06-29,2025,T2,6,Juin,2025-06,2025-06-01,2025-06-30,Dimanche,26
2025-06-30,2025,T2,6,Juin,2025-06,2025-06-01,2025-06-30,Lundi,27
2025-07-01,2025,T3,7,Juillet,2025-07,2025-07-01,2025-07-31,Mardi,27
2025-07-02,2025,T3,7,Juillet,2025-07,2025-07-01,2025-07-31,Mercredi,27
2025-07-03,2025,T3,7,Juillet,2025-07,2025-07-01,2025-07-31,Jeudi,27
2025-07-04,2025,T3,7,Juillet,2025-07,2025-07-01,2025-07-31,Vendredi,27
2025-07-05,2025,T3,7,Juillet,2025-07,2025-07-01,2025-07-31,Samedi,27
2025-07-06,2025,T3,7,Juillet,2025-07,2025-07-01,2025-07-31,Dimanche,27
2025-07-07,2025,T3,7,Juillet,2025-07,2025-07-01,2025-07-31,Lundi,28
2025-07-08,2025,T3,7,Juillet,2025-07,2025-07-01,2025-07-31,Mardi,28
2025-07-09,2025,T3,7,Juillet,2025-07,2025-07-01,2025-07-31,Mercredi,28
2025-07-10,2025,T3,7,Juillet,2025-07,2025-07-01,2025-07-31,Jeudi,28
2025-07-11,2025,T3,7,Juillet,2025-07,2025-07-01,2025-07-31,Vendredi,28
2025-07-12,2025,T3,7,Juillet,2025-07,2025-07-01,2025-07-31,Samedi,28
2025-07-13,2025,T3,7,Juillet,2025-07,2025-07-01,2025-07-31,Dimanche,28
2025-07-14,2025,T3,7,Juillet,2025-07,2025-07-01,2025-07-31,Lundi,29
2025-07-15,2025,T3,7,Juillet,2025-07,2025-07-01,2025-07-31,Mardi,29
2025-07-16,2025,T3,7,Juillet,2025-07,2025-07-01,2025-07-31,Mercredi,29
2025-07-17,2025,T3,7,Juillet,2025-07,2025-07-01,2025-07-31,Jeudi,29
2025-07-18,2025,T3,7,Juillet,2025-07,2025-07-01,2025-07-31,Vendredi,29
2025-07-19,2025,T3,7,Juillet,2025-07,2025-07-01,2025-07-31,Samedi,29
2025-07-20,2025,T3,7,Juillet,2025-07,2025-07-01,2025-07-31,Dimanche,29
2025-07-21,2025,T3,7,Juillet,2025-07,2025-07-01,2025-07-31,Lundi,30
2025-07-22,2025,T3,7,Juillet,2025-07,2025-07-01,2025-07-31,Mardi,30
2025-07-23,2025,T3,7,Juillet,2025-07,2025-07-01,2025-07-31,Mercredi,30
2025-07-24,2025,T3,7,Juillet,2025-07,2025-07-01,2025-07-31,Jeudi,30
2025-07-25,2025,T3,7,Juillet,2025-07,2025-07-01,2025-07-31,Vendredi,30
2025-07-26,2025,T3,7,Juillet,2025-07,2025-07-01,2025-07-31,Samedi,30
2025-07-27,2025,T3,7,Juillet,2025-07,2025-07-01,2025-07-31,Dimanche,30
2025-07-28,2025,T3,7,Juillet,2025-07,2025-07-01,2025-07-31,Lundi,31
2025-07-29,2025,T3,7,Juillet,2025-07,2025-07-01,2025-07-31,Mardi,31
2025-07-30,2025,T3,7,Juillet,2025-07,2025-07-01,2025-07-31,Mercredi,31
2025-07-31,2025,T3,7,Juillet,2025-07,2025-07-01,2025-07-31,Jeudi,31
2025-08-01,2025,T3,8,Août,2025-08,2025-08-01,2025-08-31,Vendredi,31
2025-08-02,2025,T3,8,Août,2025-08,2025-08-01,2025-08-31,Samedi,31
2025-08-03,2025,T3,8,Août,2025-08,2025-08-01,2025-08-31,Dimanche,31
2025-08-04,2025,T3,8,Août,2025-08,2025-08-01,2025-08-31,Lundi,32
2025-08-05,2025,T3,8,Août,2025-08,2025-08-01,2025-08-31,Mardi,32
2025-08-06,2025,T3,8,Août,2025-08,2025-08-01,2025-08-31,Mercredi,32
2025-08-07,2025,T3,8,Août,2025-08,2025-08-01,2025-08-31,Jeudi,32
2025-08-08,2025,T3,8,Août,2025-08,2025-08-01,2025-08-31,Vendredi,32
2025-08-09,2025,T3,8,Août,2025-08,2025-08-01,2025-08-31,Samedi,32
2025-08-10,2025,T3,8,Août,2025-08,2025-08-01,2025-08-31,Dimanche,32
2025-08-11,2025,T3,8,Août,2025-08,2025-08-01,2025-08-31,Lundi,33
2025-08-12,2025,T3,8,Août,2025-08,2025-08-01,2025-08-31,Mardi,33
2025-08-13,2025,T3,8,Août,2025-08,2025-08-01,2025-08-31,Mercredi,33
2025-08-14,2025,T3,8,Août,2025-08,2025-08-01,2025-08-31,Jeudi,33
2025-08-15,2025,T3,8,Août,2025-08,2025-08-01,2025-08-31,Vendredi,33
2025-08-16,2025,T3,8,Août,2025-08,2025-08-01,2025-08-31,Samedi,33
2025-08-17,2025,T3,8,Août,2025-08,2025-08-01,2025-08-31,Dimanche,33
2025-08-18,2025,T3,8,Août,2025-08,2025-08-01,2025-08-31,Lundi,34
2025-08-19,2025,T3,8,Août,2025-08,2025-08-01,2025-08-31,Mardi,34
2025-08-20,2025,T3,8,Août,2025-08,2025-08-01,2025-08-31,Mercredi,34
2025-08-21,2025,T3,8,Août,2025-08,2025-08-01,2025-08-31,Jeudi,34
2025-08-22,2025,T3,8,Août,2025-08,2025-08-01,2025-08-31,Vendredi,34
2025-08-23,2025,T3,8,Août,2025-08,2025-08-01,2025-08-31,Samedi,34
2025-08-24,2025,T3,8,Août,2025-08,2025-08-01,2025-08-31,Dimanche,34
2025-08-25,2025,T3,8,Août,2025-08,2025-08-01,2025-08-31,Lundi,35
2025-08-26,2025,T3,8,Août,2025-08,2025-08-01,2025-08-31,Mardi,35
2025-08-27,2025,T3,8,Août,2025-08,2025-08-01,2025-08-31,Mercredi,35
2025-08-28,2025,T3,8,Août,2025-08,2025-08-01,2025-08-31,Jeudi,35
2025-08-29,2025,T3,8,Août,2025-08,2025-08-01,2025-08-31,Vendredi,35
2025-08-30,2025,T3,8,Août,2025-08,2025-08-01,2025-08-31,Samedi,35
2025-08-31,2025,T3,8,Août,2025-08,2025-08-01,2025-08-31,Dimanche,35
2025-09-01,2025,T3,9,Septembre,2025-09,2025-09-01,2025-09-30,Lundi,36
2025-09-02,2025,T3,9,Septembre,2025-09,2025-09-01,2025-09-30,Mardi,36
2025-09-03,2025,T3,9,Septembre,2025-09,2025-09-01,2025-09-30,Mercredi,36
2025-09-04,2025,T3,9,Septembre,2025-09,2025-09-01,2025-09-30,Jeudi,36
2025-09-05,2025,T3,9,Septembre,2025-09,2025-09-01,2025-09-30,Vendredi,36
2025-09-06,2025,T3,9,Septembre,2025-09,2025-09-01,2025-09-30,Samedi,36
2025-09-07,2025,T3,9,Septembre,2025-09,2025-09-01,2025-09-30,Dimanche,36
2025-09-08,2025,T3,9,Septembre,2025-09,2025-09-01,2025-09-30,Lundi,37
2025-09-09,2025,T3,9,Septembre,2025-09,2025-09-01,2025-09-30,Mardi,37
2025-09-10,2025,T3,9,Septembre,2025-09,2025-09-01,2025-09-30,Mercredi,37
2025-09-11,2025,T3,9,Septembre,2025-09,2025-09-01,2025-09-30,Jeudi,37
2025-09-12,2025,T3,9,Septembre,2025-09,2025-09-01,2025-09-30,Vendredi,37
2025-09-13,2025,T3,9,Septembre,2025-09,2025-09-01,2025-09-30,Samedi,37
2025-09-14,2025,T3,9,Septembre,2025-09,2025-09-01,2025-09-30,Dimanche,37
2025-09-15,2025,T3,9,Septembre,2025-09,2025-09-01,2025-09-30,Lundi,38
2025-09-16,2025,T3,9,Septembre,2025-09,2025-09-01,2025-09-30,Mardi,38
2025-09-17,2025,T3,9,Septembre,2025-09,2025-09-01,2025-09-30,Mercredi,38
2025-09-18,2025,T3,9,Septembre,2025-09,2025-09-01,2025-09-30,Jeudi,38
2025-09-19,2025,T3,9,Septembre,2025-09,2025-09-01,2025-09-30,Vendredi,38
2025-09-20,2025,T3,9,Septembre,2025-09,2025-09-01,2025-09-30,Samedi,38
2025-09-21,2025,T3,9,Septembre,2025-09,2025-09-01,2025-09-30,Dimanche,38
2025-09-22,2025,T3,9,Septembre,2025-09,2025-09-01,2025-09-30,Lundi,39
2025-09-23,2025,T3,9,Septembre,2025-09,2025-09-01,2025-09-30,Mardi,39
2025-09-24,2025,T3,9,Septembre,2025-09,2025-09-01,2025-09-30,Mercredi,39
2025-09-25,2025,T3,9,Septembre,2025-09,2025-09-01,2025-09-30,Jeudi,39
2025-09-26,2025,T3,9,Septembre,2025-09,2025-09-01,2025-09-30,Vendredi,39
2025-09-27,2025,T3,9,Septembre,2025-09,2025-09-01,2025-09-30,Samedi,39
2025-09-28,2025,T3,9,Septembre,2025-09,2025-09-01,2025-09-30,Dimanche,39
2025-09-29,2025,T3,9,Septembre,2025-09,2025-09-01,2025-09-30,Lundi,40
2025-09-30,2025,T3,9,Septembre,2025-09,2025-09-01,2025-09-30,Mardi,40
2025-10-01,2025,T4,10,Octobre,2025-10,2025-10-01,2025-10-31,Mercredi,40
2025-10-02,2025,T4,10,Octobre,2025-10,2025-10-01,2025-10-31,Jeudi,40
2025-10-03,2025,T4,10,Octobre,2025-10,2025-10-01,2025-10-31,Vendredi,40
2025-10-04,2025,T4,10,Octobre,2025-10,2025-10-01,2025-10-31,Samedi,40
2025-10-05,2025,T4,10,Octobre,2025-10,2025-10-01,2025-10-31,Dimanche,40
2025-10-06,2025,T4,10,Octobre,2025-10,2025-10-01,2025-10-31,Lundi,41
2025-10-07,2025,T4,10,Octobre,2025-10,2025-10-01,2025-10-31,Mardi,41
2025-10-08,2025,T4,10,Octobre,2025-10,2025-10-01,2025-10-31,Mercredi,41
2025-10-09,2025,T4,10,Octobre,2025-10,2025-10-01,2025-10-31,Jeudi,41
2025-10-10,2025,T4,10,Octobre,2025-10,2025-10-01,2025-10-31,Vendredi,41
2025-10-11,2025,T4,10,Octobre,2025-10,2025-10-01,2025-10-31,Samedi,41
2025-10-12,2025,T4,10,Octobre,2025-10,2025-10-01,2025-10-31,Dimanche,41
2025-10-13,2025,T4,10,Octobre,2025-10,2025-10-01,2025-10-31,Lundi,42
2025-10-14,2025,T4,10,Octobre,2025-10,2025-10-01,2025-10-31,Mardi,42
2025-10-15,2025,T4,10,Octobre,2025-10,2025-10-01,2025-10-31,Mercredi,42
2025-10-16,2025,T4,10,Octobre,2025-10,2025-10-01,2025-10-31,Jeudi,42
2025-10-17,2025,T4,10,Octobre,2025-10,2025-10-01,2025-10-31,Vendredi,42
2025-10-18,2025,T4,10,Octobre,2025-10,2025-10-01,2025-10-31,Samedi,42
2025-10-19,2025,T4,10,Octobre,2025-10,2025-10-01,2025-10-31,Dimanche,42
2025-10-20,2025,T4,10,Octobre,2025-10,2025-10-01,2025-10-31,Lundi,43
2025-10-21,2025,T4,10,Octobre,2025-10,2025-10-01,2025-10-31,Mardi,43
2025-10-22,2025,T4,10,Octobre,2025-10,2025-10-01,2025-10-31,Mercredi,43
2025-10-23,2025,T4,10,Octobre,2025-10,2025-10-01,2025-10-31,Jeudi,43
2025-10-24,2025,T4,10,Octobre,2025-10,2025-10-01,2025-10-31,Vendredi,43
2025-10-25,2025,T4,10,Octobre,2025-10,2025-10-01,2025-10-31,Samedi,43
2025-10-26,2025,T4,10,Octobre,2025-10,2025-10-01,2025-10-31,Dimanche,43
2025-10-27,2025,T4,10,Octobre,2025-10,2025-10-01,2025-10-31,Lundi,44
2025-10-28,2025,T4,10,Octobre,2025-10,2025-10-01,2025-10-31,Mardi,44
2025-10-29,2025,T4,10,Octobre,2025-10,2025-10-01,2025-10-31,Mercredi,44
2025-10-30,2025,T4,10,Octobre,2025-10,2025-10-01,2025-10-31,Jeudi,44
2025-10-31,2025,T4,10,Octobre,2025-10,2025-10-01,2025-10-31,Vendredi,44
2025-11-01,2025,T4,11,Novembre,2025-11,2025-11-01,2025-11-30,Samedi,44
2025-11-02,2025,T4,11,Novembre,2025-11,2025-11-01,2025-11-30,Dimanche,44
2025-11-03,2025,T4,11,Novembre,2025-11,2025-11-01,2025-11-30,Lundi,45
2025-11-04,2025,T4,11,Novembre,2025-11,2025-11-01,2025-11-30,Mardi,45
2025-11-05,2025,T4,11,Novembre,2025-11,2025-11-01,2025-11-30,Mercredi,45
2025-11-06,2025,T4,11,Novembre,2025-11,2025-11-01,2025-11-30,Jeudi,45
2025-11-07,2025,T4,11,Novembre,2025-11,2025-11-01,2025-11-30,Vendredi,45
2025-11-08,2025,T4,11,Novembre,2025-11,2025-11-01,2025-11-30,Samedi,45
2025-11-09,2025,T4,11,Novembre,2025-11,2025-11-01,2025-11-30,Dimanche,45
2025-11-10,2025,T4,11,Novembre,2025-11,2025-11-01,2025-11-30,Lundi,46
2025-11-11,2025,T4,11,Novembre,2025-11,2025-11-01,2025-11-30,Mardi,46
2025-11-12,2025,T4,11,Novembre,2025-11,2025-11-01,2025-11-30,Mercredi,46
2025-11-13,2025,T4,11,Novembre,2025-11,2025-11-01,2025-11-30,Jeudi,46
2025-11-14,2025,T4,11,Novembre,2025-11,2025-11-01,2025-11-30,Vendredi,46
2025-11-15,2025,T4,11,Novembre,2025-11,2025-11-01,2025-11-30,Samedi,46
2025-11-16,2025,T4,11,Novembre,2025-11,2025-11-01,2025-11-30,Dimanche,46
2025-11-17,2025,T4,11,Novembre,2025-11,2025-11-01,2025-11-30,Lundi,47
2025-11-18,2025,T4,11,Novembre,2025-11,2025-11-01,2025-11-30,Mardi,47
2025-11-19,2025,T4,11,Novembre,2025-11,2025-11-01,2025-11-30,Mercredi,47
2025-11-20,2025,T4,11,Novembre,2025-11,2025-11-01,2025-11-30,Jeudi,47
2025-11-21,2025,T4,11,Novembre,2025-11,2025-11-01,2025-11-30,Vendredi,47
2025-11-22,2025,T4,11,Novembre,2025-11,2025-11-01,2025-11-30,Samedi,47
2025-11-23,2025,T4,11,Novembre,2025-11,2025-11-01,2025-11-30,Dimanche,47
2025-11-24,2025,T4,11,Novembre,2025-11,2025-11-01,2025-11-30,Lundi,48
2025-11-25,2025,T4,11,Novembre,2025-11,2025-11-01,2025-11-30,Mardi,48
2025-11-26,2025,T4,11,Novembre,2025-11,2025-11-01,2025-11-30,Mercredi,48
2025-11-27,2025,T4,11,Novembre,2025-11,2025-11-01,2025-11-30,Jeudi,48
2025-11-28,2025,T4,11,Novembre,2025-11,2025-11-01,2025-11-30,Vendredi,48
2025-11-29,2025,T4,11,Novembre,2025-11,2025-11-01,2025-11-30,Samedi,48
2025-11-30,2025,T4,11,Novembre,2025-11,2025-11-01,2025-11-30,Dimanche,48
2025-12-01,2025,T4,12,Décembre,2025-12,2025-12-01,2025-12-31,Lundi,49
2025-12-02,2025,T4,12,Décembre,2025-12,2025-12-01,2025-12-31,Mardi,49
2025-12-03,2025,T4,12,Décembre,2025-12,2025-12-01,2025-12-31,Mercredi,49
2025-12-04,2025,T4,12,Décembre,2025-12,2025-12-01,2025-12-31,Jeudi,49
2025-12-05,2025,T4,12,Décembre,2025-12,2025-12-01,2025-12-31,Vendredi,49
2025-12-06,2025,T4,12,Décembre,2025-12,2025-12-01,2025-12-31,Samedi,49
2025-12-07,2025,T4,12,Décembre,2025-12,2025-12-01,2025-12-31,Dimanche,49
2025-12-08,2025,T4,12,Décembre,2025-12,2025-12-01,2025-12-31,Lundi,50
2025-12-09,2025,T4,12,Décembre,2025-12,2025-12-01,2025-12-31,Mardi,50
2025-12-10,2025,T4,12,Décembre,2025-12,2025-12-01,2025-12-31,Mercredi,50
2025-12-11,2025,T4,12,Décembre,2025-12,2025-12-01,2025-12-31,Jeudi,50
2025-12-12,2025,T4,12,Décembre,2025-12,2025-12-01,2025-12-31,Vendredi,50
2025-12-13,2025,T4,12,Décembre,2025-12,2025-12-01,2025-12-31,Samedi,50
2025-12-14,2025,T4,12,Décembre,2025-12,2025-12-01,2025-12-31,Dimanche,50
2025-12-15,2025,T4,12,Décembre,2025-12,2025-12-01,2025-12-31,Lundi,51
2025-12-16,2025,T4,12,Décembre,2025-12,2025-12-01,2025-12-31,Mardi,51
2025-12-17,2025,T4,12,Décembre,2025-12,2025-12-01,2025-12-31,Mercredi,51
2025-12-18,2025,T4,12,Décembre,2025-12,2025-12-01,2025-12-31,Jeudi,51
2025-12-19,2025,T4,12,Décembre,2025-12,2025-12-01,2025-12-31,Vendredi,51
2025-12-20,2025,T4,12,Décembre,2025-12,2025-12-01,2025-12-31,Samedi,51
2025-12-21,2025,T4,12,Décembre,2025-12,2025-12-01,2025-12-31,Dimanche,51
2025-12-22,2025,T4,12,Décembre,2025-12,2025-12-01,2025-12-31,Lundi,52
2025-12-23,2025,T4,12,Décembre,2025-12,2025-12-01,2025-12-31,Mardi,52
2025-12-24,2025,T4,12,Décembre,2025-12,2025-12-01,2025-12-31,Mercredi,52
2025-12-25,2025,T4,12,Décembre,2025-12,2025-12-01,2025-12-31,Jeudi,52
2025-12-26,2025,T4,12,Décembre,2025-12,2025-12-01,2025-12-31,Vendredi,52
2025-12-27,2025,T4,12,Décembre,2025-12,2025-12-01,2025-12-31,Samedi,52
2025-12-28,2025,T4,12,Décembre,2025-12,2025-12-01,2025-12-31,Dimanche,52
2025-12-29,2025,T4,12,Décembre,2025-12,2025-12-01,2025-12-31,Lundi,1
2025-12-30,2025,T4,12,Décembre,2025-12,2025-12-01,2025-12-31,Mardi,1
2025-12-31,2025,T4,12,Décembre,2025-12,2025-12-01,2025-12-31,Mercredi,1
